0 verbose cli C:\nvm4w\nodejs\node.exe C:\nvm4w\nodejs\node_modules\npm\bin\npm-cli.js
1 info using npm@11.6.2
2 info using node@v24.12.0
3 silly config load:file:C:\Users\Asus\AppData\Local\nvm\v24.12.0\node_modules\npm\npmrc
4 silly config load:file:F:\浏览器下载项目\bird-serach\frontend\.npmrc
5 silly config load:file:C:\Users\Asus\.npmrc
6 silly config load:file:C:\Program Files\node-v22.0.0-win-x64\node_global\etc\npmrc
7 verbose title npm install
8 verbose argv "install" "--cache" "f:/浏览器下载项目/bird-serach/frontend/.npm-cache"
9 verbose logfile logs-max:10 dir:f:\浏览器下载项目\bird-serach\frontend\.npm-cache\_logs\2026-03-16T12_19_29_361Z-
10 verbose logfile f:\浏览器下载项目\bird-serach\frontend\.npm-cache\_logs\2026-03-16T12_19_29_361Z-debug-0.log
11 silly logfile done cleaning log files
12 silly packumentCache heap:4496293888 maxSize:1124073472 maxEntrySize:562036736
13 silly idealTree buildDeps
14 silly fetch manifest vue@^3.4.0
15 silly packumentCache full:https://registry.npmmirror.com/vue cache-miss
16 http fetch GET 200 https://registry.npmmirror.com/vue 97ms (cache miss)
17 silly packumentCache full:https://registry.npmmirror.com/vue set size:369834 disposed:false
18 silly fetch manifest typescript@*
19 silly packumentCache full:https://registry.npmmirror.com/typescript cache-miss
20 http fetch GET 200 https://registry.npmmirror.com/typescript 245ms (cache miss)
21 silly packumentCache full:https://registry.npmmirror.com/typescript set size:1680862 disposed:false
22 silly fetch manifest vue-router@^4.3.0
23 silly packumentCache full:https://registry.npmmirror.com/vue-router cache-miss
24 http fetch GET 200 https://registry.npmmirror.com/vue-router 41ms (cache miss)
25 silly packumentCache full:https://registry.npmmirror.com/vue-router set size:126813 disposed:false
26 silly fetch manifest pinia@^2.1.0
27 silly packumentCache full:https://registry.npmmirror.com/pinia cache-miss
28 http fetch GET 200 https://registry.npmmirror.com/pinia 19ms (cache miss)
29 silly packumentCache full:https://registry.npmmirror.com/pinia set size:75692 disposed:false
30 silly fetch manifest typescript@>=4.4.4
31 silly packumentCache full:https://registry.npmmirror.com/typescript cache-miss
32 http cache https://registry.npmmirror.com/typescript 35ms (cache hit)
33 silly packumentCache full:https://registry.npmmirror.com/typescript set size:14609923 disposed:false
34 silly fetch manifest axios@^1.6.0
35 silly packumentCache full:https://registry.npmmirror.com/axios cache-miss
36 http fetch GET 200 https://registry.npmmirror.com/axios 29ms (cache miss)
37 silly packumentCache full:https://registry.npmmirror.com/axios set size:120272 disposed:false
38 silly fetch manifest element-plus@^2.5.0
39 silly packumentCache full:https://registry.npmmirror.com/element-plus cache-miss
40 http fetch GET 200 https://registry.npmmirror.com/element-plus 24ms (cache miss)
41 silly packumentCache full:https://registry.npmmirror.com/element-plus set size:163163 disposed:false
42 silly fetch manifest echarts@^5.5.0
43 silly packumentCache full:https://registry.npmmirror.com/echarts cache-miss
44 http fetch GET 200 https://registry.npmmirror.com/echarts 19ms (cache miss)
45 silly packumentCache full:https://registry.npmmirror.com/echarts set size:59417 disposed:false
46 silly fetch manifest @element-plus/icons-vue@^2.3.0
47 silly packumentCache full:https://registry.npmmirror.com/@element-plus%2ficons-vue cache-miss
48 http fetch GET 200 https://registry.npmmirror.com/@element-plus%2ficons-vue 14ms (cache miss)
49 silly packumentCache full:https://registry.npmmirror.com/@element-plus%2ficons-vue set size:34535 disposed:false
50 silly fetch manifest @vitejs/plugin-vue@^5.0.0
51 silly packumentCache full:https://registry.npmmirror.com/@vitejs%2fplugin-vue cache-miss
52 http fetch GET 200 https://registry.npmmirror.com/@vitejs%2fplugin-vue 20ms (cache miss)
53 silly packumentCache full:https://registry.npmmirror.com/@vitejs%2fplugin-vue set size:77852 disposed:false
54 silly fetch manifest vite@^5.0.0
55 silly packumentCache full:https://registry.npmmirror.com/vite cache-miss
56 http fetch GET 200 https://registry.npmmirror.com/vite 426ms (cache miss)
57 silly packumentCache full:https://registry.npmmirror.com/vite set size:6223447 disposed:false
58 silly fetch manifest @types/node@^18.0.0 || >=20.0.0
59 silly packumentCache full:https://registry.npmmirror.com/@types%2fnode cache-miss
60 http fetch GET 200 https://registry.npmmirror.com/npm 1901ms
61 http fetch GET 200 https://registry.npmmirror.com/@types%2fnode 3591ms (cache miss)
62 silly packumentCache full:https://registry.npmmirror.com/@types%2fnode set size:1147467 disposed:false
63 silly fetch manifest less@*
64 silly packumentCache full:https://registry.npmmirror.com/less cache-miss
65 http fetch GET 200 https://registry.npmmirror.com/less 59ms (cache miss)
66 silly packumentCache full:https://registry.npmmirror.com/less set size:52137 disposed:false
67 silly fetch manifest lightningcss@^1.21.0
68 silly packumentCache full:https://registry.npmmirror.com/lightningcss cache-miss
69 http fetch GET 200 https://registry.npmmirror.com/lightningcss 19ms (cache miss)
70 silly packumentCache full:https://registry.npmmirror.com/lightningcss set size:32241 disposed:false
71 silly fetch manifest sass@*
72 silly packumentCache full:https://registry.npmmirror.com/sass cache-miss
73 http fetch GET 200 https://registry.npmmirror.com/sass 144ms (cache miss)
74 silly packumentCache full:https://registry.npmmirror.com/sass set size:125288 disposed:false
75 silly fetch manifest sass-embedded@*
76 silly packumentCache full:https://registry.npmmirror.com/sass-embedded cache-miss
77 http fetch GET 200 https://registry.npmmirror.com/sass-embedded 18ms (cache miss)
78 silly packumentCache full:https://registry.npmmirror.com/sass-embedded set size:74618 disposed:false
79 silly fetch manifest stylus@*
80 silly packumentCache full:https://registry.npmmirror.com/stylus cache-miss
81 http fetch GET 200 https://registry.npmmirror.com/stylus 251ms (cache miss)
82 silly packumentCache full:https://registry.npmmirror.com/stylus set size:65242 disposed:false
83 silly fetch manifest sugarss@*
84 silly packumentCache full:https://registry.npmmirror.com/sugarss cache-miss
85 http fetch GET 200 https://registry.npmmirror.com/sugarss 14ms (cache miss)
86 silly packumentCache full:https://registry.npmmirror.com/sugarss set size:8151 disposed:false
87 silly fetch manifest postcss@^8.3.3
88 silly packumentCache full:https://registry.npmmirror.com/postcss cache-miss
89 http fetch GET 200 https://registry.npmmirror.com/postcss 394ms (cache miss)
90 silly packumentCache full:https://registry.npmmirror.com/postcss set size:95216 disposed:false
91 silly fetch manifest terser@^5.4.0
92 silly packumentCache full:https://registry.npmmirror.com/terser cache-miss
93 http fetch GET 200 https://registry.npmmirror.com/terser 54ms (cache miss)
94 silly packumentCache full:https://registry.npmmirror.com/terser set size:110114 disposed:false
95 silly placeDep ROOT @element-plus/icons-vue@2.3.2 OK for: bird-recognition-frontend@1.0.0 want: ^2.3.0
96 silly placeDep ROOT vue@3.5.30 OK for: @element-plus/icons-vue@2.3.2 want: ^3.2.0
97 silly placeDep ROOT @vitejs/plugin-vue@5.2.4 OK for: bird-recognition-frontend@1.0.0 want: ^5.0.0
98 silly placeDep ROOT vite@5.4.21 OK for: @vitejs/plugin-vue@5.2.4 want: ^5.0.0 || ^6.0.0
99 silly placeDep ROOT axios@1.13.6 OK for: bird-recognition-frontend@1.0.0 want: ^1.6.0
100 silly placeDep ROOT echarts@5.6.0 OK for: bird-recognition-frontend@1.0.0 want: ^5.5.0
101 silly placeDep ROOT element-plus@2.13.5 OK for: bird-recognition-frontend@1.0.0 want: ^2.5.0
102 silly placeDep ROOT pinia@2.3.1 OK for: bird-recognition-frontend@1.0.0 want: ^2.1.0
103 silly placeDep ROOT vue-router@4.6.4 OK for: bird-recognition-frontend@1.0.0 want: ^4.3.0
104 silly fetch manifest @vue/shared@3.5.30
105 silly packumentCache full:https://registry.npmmirror.com/@vue%2fshared cache-miss
106 silly fetch manifest @vue/compiler-dom@3.5.30
107 silly packumentCache full:https://registry.npmmirror.com/@vue%2fcompiler-dom cache-miss
108 silly fetch manifest @vue/runtime-dom@3.5.30
109 silly packumentCache full:https://registry.npmmirror.com/@vue%2fruntime-dom cache-miss
110 silly fetch manifest @vue/compiler-sfc@3.5.30
111 silly packumentCache full:https://registry.npmmirror.com/@vue%2fcompiler-sfc cache-miss
112 silly fetch manifest @vue/server-renderer@3.5.30
113 silly packumentCache full:https://registry.npmmirror.com/@vue%2fserver-renderer cache-miss
114 silly fetch manifest esbuild@^0.21.3
115 silly packumentCache full:https://registry.npmmirror.com/esbuild cache-miss
116 silly fetch manifest postcss@^8.4.43
117 silly packumentCache full:https://registry.npmmirror.com/postcss cache-hit
118 silly fetch manifest rollup@^4.20.0
119 silly packumentCache full:https://registry.npmmirror.com/rollup cache-miss
120 silly fetch manifest fsevents@~2.3.3
121 silly packumentCache full:https://registry.npmmirror.com/fsevents cache-miss
122 silly fetch manifest follow-redirects@^1.15.11
123 silly packumentCache full:https://registry.npmmirror.com/follow-redirects cache-miss
124 silly fetch manifest form-data@^4.0.5
125 silly packumentCache full:https://registry.npmmirror.com/form-data cache-miss
126 silly fetch manifest proxy-from-env@^1.1.0
127 silly packumentCache full:https://registry.npmmirror.com/proxy-from-env cache-miss
128 silly fetch manifest tslib@2.3.0
129 silly packumentCache full:https://registry.npmmirror.com/tslib cache-miss
130 silly fetch manifest zrender@5.6.1
131 silly packumentCache full:https://registry.npmmirror.com/zrender cache-miss
132 silly fetch manifest @ctrl/tinycolor@^4.2.0
133 silly packumentCache full:https://registry.npmmirror.com/@ctrl%2ftinycolor cache-miss
134 silly fetch manifest @floating-ui/dom@^1.0.1
135 silly packumentCache full:https://registry.npmmirror.com/@floating-ui%2fdom cache-miss
136 silly fetch manifest @popperjs/core@npm:@sxzz/popperjs-es@^2.11.7
137 silly packumentCache full:https://registry.npmmirror.com/@sxzz%2fpopperjs-es cache-miss
138 silly fetch manifest @types/lodash@^4.17.20
139 silly packumentCache full:https://registry.npmmirror.com/@types%2flodash cache-miss
140 silly fetch manifest @types/lodash-es@^4.17.12
141 silly packumentCache full:https://registry.npmmirror.com/@types%2flodash-es cache-miss
142 silly fetch manifest @vueuse/core@12.0.0
143 silly packumentCache full:https://registry.npmmirror.com/@vueuse%2fcore cache-miss
144 http fetch GET 200 https://registry.npmmirror.com/proxy-from-env 151ms (cache miss)
145 silly packumentCache full:https://registry.npmmirror.com/proxy-from-env set size:6518 disposed:false
146 silly fetch manifest async-validator@^4.2.5
147 silly packumentCache full:https://registry.npmmirror.com/async-validator cache-miss
148 http fetch GET 200 https://registry.npmmirror.com/fsevents 164ms (cache miss)
149 silly packumentCache full:https://registry.npmmirror.com/fsevents set size:16344 disposed:false
150 silly fetch manifest dayjs@^1.11.19
151 silly packumentCache full:https://registry.npmmirror.com/dayjs cache-miss
152 http fetch GET 200 https://registry.npmmirror.com/@sxzz%2fpopperjs-es 172ms (cache miss)
153 silly packumentCache full:https://registry.npmmirror.com/@sxzz%2fpopperjs-es set size:13147 disposed:false
154 silly fetch manifest lodash@^4.17.23
155 silly packumentCache full:https://registry.npmmirror.com/lodash cache-miss
156 http fetch GET 200 https://registry.npmmirror.com/tslib 175ms (cache miss)
157 silly packumentCache full:https://registry.npmmirror.com/tslib set size:33171 disposed:false
158 silly fetch manifest lodash-es@^4.17.23
159 silly packumentCache full:https://registry.npmmirror.com/lodash-es cache-miss
160 http fetch GET 200 https://registry.npmmirror.com/@types%2flodash-es 176ms (cache miss)
161 silly packumentCache full:https://registry.npmmirror.com/@types%2flodash-es set size:9010 disposed:false
162 silly fetch manifest lodash-unified@^1.0.3
163 silly packumentCache full:https://registry.npmmirror.com/lodash-unified cache-miss
164 http fetch GET 200 https://registry.npmmirror.com/follow-redirects 186ms (cache miss)
165 silly packumentCache full:https://registry.npmmirror.com/follow-redirects set size:29692 disposed:false
166 silly fetch manifest memoize-one@^6.0.0
167 silly packumentCache full:https://registry.npmmirror.com/memoize-one cache-miss
168 http fetch GET 200 https://registry.npmmirror.com/form-data 191ms (cache miss)
169 silly packumentCache full:https://registry.npmmirror.com/form-data set size:25145 disposed:false
170 silly fetch manifest normalize-wheel-es@^1.2.0
171 silly packumentCache full:https://registry.npmmirror.com/normalize-wheel-es cache-miss
172 http fetch GET 200 https://registry.npmmirror.com/zrender 199ms (cache miss)
173 silly packumentCache full:https://registry.npmmirror.com/zrender set size:33628 disposed:false
174 silly fetch manifest @vue/devtools-api@^6.6.3
175 silly packumentCache full:https://registry.npmmirror.com/@vue%2fdevtools-api cache-miss
176 http fetch GET 200 https://registry.npmmirror.com/@floating-ui%2fdom 215ms (cache miss)
177 silly packumentCache full:https://registry.npmmirror.com/@floating-ui%2fdom set size:61774 disposed:false
178 silly fetch manifest vue-demi@^0.14.10
179 silly packumentCache full:https://registry.npmmirror.com/vue-demi cache-miss
180 http fetch GET 200 https://registry.npmmirror.com/@vue%2fshared 240ms (cache miss)
181 silly packumentCache full:https://registry.npmmirror.com/@vue%2fshared set size:107526 disposed:false
182 silly fetch manifest @vue/devtools-api@^6.6.4
183 silly packumentCache full:https://registry.npmmirror.com/@vue%2fdevtools-api cache-miss
184 http fetch GET 200 https://registry.npmmirror.com/@types%2flodash 248ms (cache miss)
185 silly packumentCache full:https://registry.npmmirror.com/@types%2flodash set size:78641 disposed:false
186 http fetch GET 200 https://registry.npmmirror.com/lodash-unified 76ms (cache miss)
187 silly packumentCache full:https://registry.npmmirror.com/lodash-unified set size:4317 disposed:false
188 http fetch GET 200 https://registry.npmmirror.com/normalize-wheel-es 65ms (cache miss)
189 silly packumentCache full:https://registry.npmmirror.com/normalize-wheel-es set size:5576 disposed:false
190 http fetch GET 200 https://registry.npmmirror.com/@ctrl%2ftinycolor 259ms (cache miss)
191 silly packumentCache full:https://registry.npmmirror.com/@ctrl%2ftinycolor set size:30467 disposed:false
192 http fetch GET 200 https://registry.npmmirror.com/@vue%2fcompiler-dom 270ms (cache miss)
193 silly packumentCache full:https://registry.npmmirror.com/@vue%2fcompiler-dom set size:114835 disposed:false
194 http fetch GET 200 https://registry.npmmirror.com/async-validator 117ms (cache miss)
195 silly packumentCache full:https://registry.npmmirror.com/async-validator set size:33991 disposed:false
196 http fetch GET 200 https://registry.npmmirror.com/memoize-one 89ms (cache miss)
197 silly packumentCache full:https://registry.npmmirror.com/memoize-one set size:21734 disposed:false
198 http fetch GET 200 https://registry.npmmirror.com/@vue%2fruntime-dom 283ms (cache miss)
199 silly packumentCache full:https://registry.npmmirror.com/@vue%2fruntime-dom set size:114984 disposed:false
200 http fetch GET 200 https://registry.npmmirror.com/lodash-es 106ms (cache miss)
201 silly packumentCache full:https://registry.npmmirror.com/lodash-es set size:17842 disposed:false
202 http fetch GET 200 https://registry.npmmirror.com/@vue%2fserver-renderer 290ms (cache miss)
203 silly packumentCache full:https://registry.npmmirror.com/@vue%2fserver-renderer set size:115068 disposed:false
204 http fetch GET 200 https://registry.npmmirror.com/lodash 116ms (cache miss)
205 silly packumentCache full:https://registry.npmmirror.com/lodash set size:28276 disposed:false
206 http fetch GET 200 https://registry.npmmirror.com/@vue%2fcompiler-sfc 302ms (cache miss)
207 silly packumentCache full:https://registry.npmmirror.com/@vue%2fcompiler-sfc set size:161390 disposed:false
208 http fetch GET 200 https://registry.npmmirror.com/dayjs 142ms (cache miss)
209 silly packumentCache full:https://registry.npmmirror.com/dayjs set size:58575 disposed:false
210 http fetch GET 200 https://registry.npmmirror.com/@vue%2fdevtools-api 110ms (cache miss)
211 silly packumentCache full:https://registry.npmmirror.com/@vue%2fdevtools-api set size:69571 disposed:false
212 http fetch GET 200 https://registry.npmmirror.com/esbuild 321ms (cache miss)
213 silly packumentCache full:https://registry.npmmirror.com/esbuild set size:209823 disposed:false
214 http fetch GET 200 https://registry.npmmirror.com/@vue%2fdevtools-api 89ms (cache miss)
215 silly packumentCache full:https://registry.npmmirror.com/@vue%2fdevtools-api set size:69571 disposed:false
216 silly packumentCache full:https://registry.npmmirror.com/@vue%2fdevtools-api dispose
217 http fetch GET 200 https://registry.npmmirror.com/@vueuse%2fcore 331ms (cache miss)
218 silly packumentCache full:https://registry.npmmirror.com/@vueuse%2fcore set size:176489 disposed:false
219 http fetch GET 200 https://registry.npmmirror.com/vue-demi 124ms (cache miss)
220 silly packumentCache full:https://registry.npmmirror.com/vue-demi set size:41379 disposed:false
221 http fetch GET 200 https://registry.npmmirror.com/rollup 1023ms (cache miss)
222 silly packumentCache full:https://registry.npmmirror.com/rollup set size:674166 disposed:false
223 silly placeDep ROOT follow-redirects@1.15.11 OK for: axios@1.13.6 want: ^1.15.11
224 silly placeDep ROOT form-data@4.0.5 OK for: axios@1.13.6 want: ^4.0.5
225 silly placeDep ROOT proxy-from-env@1.1.0 OK for: axios@1.13.6 want: ^1.1.0
226 silly fetch manifest asynckit@^0.4.0
227 silly packumentCache full:https://registry.npmmirror.com/asynckit cache-miss
228 silly fetch manifest combined-stream@^1.0.8
229 silly packumentCache full:https://registry.npmmirror.com/combined-stream cache-miss
230 silly fetch manifest es-set-tostringtag@^2.1.0
231 silly packumentCache full:https://registry.npmmirror.com/es-set-tostringtag cache-miss
232 silly fetch manifest hasown@^2.0.2
233 silly packumentCache full:https://registry.npmmirror.com/hasown cache-miss
234 silly fetch manifest mime-types@^2.1.12
235 silly packumentCache full:https://registry.npmmirror.com/mime-types cache-miss
236 http fetch GET 200 https://registry.npmmirror.com/es-set-tostringtag 30ms (cache miss)
237 silly packumentCache full:https://registry.npmmirror.com/es-set-tostringtag set size:6558 disposed:false
238 http fetch GET 200 https://registry.npmmirror.com/hasown 30ms (cache miss)
239 silly packumentCache full:https://registry.npmmirror.com/hasown set size:3832 disposed:false
240 http fetch GET 200 https://registry.npmmirror.com/mime-types 32ms (cache miss)
241 silly packumentCache full:https://registry.npmmirror.com/mime-types set size:21356 disposed:false
242 http fetch GET 200 https://registry.npmmirror.com/combined-stream 36ms (cache miss)
243 silly packumentCache full:https://registry.npmmirror.com/combined-stream set size:7154 disposed:false
244 http fetch GET 200 https://registry.npmmirror.com/asynckit 39ms (cache miss)
245 silly packumentCache full:https://registry.npmmirror.com/asynckit set size:4942 disposed:false
246 silly placeDep ROOT tslib@2.3.0 OK for: echarts@5.6.0 want: 2.3.0
247 silly placeDep ROOT zrender@5.6.1 OK for: echarts@5.6.0 want: 5.6.1
248 silly placeDep ROOT @ctrl/tinycolor@4.2.0 OK for: element-plus@2.13.5 want: ^4.2.0
249 silly placeDep ROOT @floating-ui/dom@1.7.6 OK for: element-plus@2.13.5 want: ^1.0.1
250 silly placeDep ROOT @popperjs/core@2.11.8 OK for: element-plus@2.13.5 want: npm:@sxzz/popperjs-es@^2.11.7
251 silly placeDep ROOT @types/lodash@4.17.24 OK for: element-plus@2.13.5 want: ^4.17.20
252 silly placeDep ROOT @types/lodash-es@4.17.12 OK for: element-plus@2.13.5 want: ^4.17.12
253 silly placeDep ROOT @vueuse/core@12.0.0 OK for: element-plus@2.13.5 want: 12.0.0
254 silly placeDep ROOT async-validator@4.2.5 OK for: element-plus@2.13.5 want: ^4.2.5
255 silly placeDep ROOT dayjs@1.11.20 OK for: element-plus@2.13.5 want: ^1.11.19
256 silly placeDep ROOT lodash@4.17.23 OK for: element-plus@2.13.5 want: ^4.17.23
257 silly placeDep ROOT lodash-es@4.17.23 OK for: element-plus@2.13.5 want: ^4.17.23
258 silly placeDep ROOT lodash-unified@1.0.3 OK for: element-plus@2.13.5 want: ^1.0.3
259 silly placeDep ROOT memoize-one@6.0.0 OK for: element-plus@2.13.5 want: ^6.0.0
260 silly placeDep ROOT normalize-wheel-es@1.2.0 OK for: element-plus@2.13.5 want: ^1.2.0
261 silly fetch manifest @floating-ui/core@^1.7.5
262 silly packumentCache full:https://registry.npmmirror.com/@floating-ui%2fcore cache-miss
263 silly fetch manifest @floating-ui/utils@^0.2.11
264 silly packumentCache full:https://registry.npmmirror.com/@floating-ui%2futils cache-miss
265 silly fetch manifest @types/web-bluetooth@^0.0.20
266 silly packumentCache full:https://registry.npmmirror.com/@types%2fweb-bluetooth cache-miss
267 silly fetch manifest @vueuse/metadata@12.0.0
268 silly packumentCache full:https://registry.npmmirror.com/@vueuse%2fmetadata cache-miss
269 silly fetch manifest @vueuse/shared@12.0.0
270 silly packumentCache full:https://registry.npmmirror.com/@vueuse%2fshared cache-miss
271 http fetch GET 200 https://registry.npmmirror.com/@floating-ui%2futils 18ms (cache miss)
272 silly packumentCache full:https://registry.npmmirror.com/@floating-ui%2futils set size:8976 disposed:false
273 http fetch GET 200 https://registry.npmmirror.com/@floating-ui%2fcore 27ms (cache miss)
274 silly packumentCache full:https://registry.npmmirror.com/@floating-ui%2fcore set size:46119 disposed:false
275 http fetch GET 200 https://registry.npmmirror.com/@vueuse%2fshared 51ms (cache miss)
276 silly packumentCache full:https://registry.npmmirror.com/@vueuse%2fshared set size:135216 disposed:false
277 http fetch GET 200 https://registry.npmmirror.com/@types%2fweb-bluetooth 70ms (cache miss)
278 silly packumentCache full:https://registry.npmmirror.com/@types%2fweb-bluetooth set size:11994 disposed:false
279 http fetch GET 200 https://registry.npmmirror.com/@vueuse%2fmetadata 138ms (cache miss)
280 silly packumentCache full:https://registry.npmmirror.com/@vueuse%2fmetadata set size:87595 disposed:false
281 silly placeDep ROOT @floating-ui/core@1.7.5 OK for: @floating-ui/dom@1.7.6 want: ^1.7.5
282 silly placeDep ROOT @floating-ui/utils@0.2.11 OK for: @floating-ui/dom@1.7.6 want: ^0.2.11
283 silly placeDep ROOT @types/web-bluetooth@0.0.20 OK for: @vueuse/core@12.0.0 want: ^0.0.20
284 silly placeDep ROOT @vueuse/metadata@12.0.0 OK for: @vueuse/core@12.0.0 want: 12.0.0
285 silly placeDep ROOT @vueuse/shared@12.0.0 OK for: @vueuse/core@12.0.0 want: 12.0.0
286 silly placeDep ROOT asynckit@0.4.0 OK for: form-data@4.0.5 want: ^0.4.0
287 silly placeDep ROOT combined-stream@1.0.8 OK for: form-data@4.0.5 want: ^1.0.8
288 silly placeDep ROOT es-set-tostringtag@2.1.0 OK for: form-data@4.0.5 want: ^2.1.0
289 silly placeDep ROOT hasown@2.0.2 OK for: form-data@4.0.5 want: ^2.0.2
290 silly placeDep ROOT mime-types@2.1.35 OK for: form-data@4.0.5 want: ^2.1.12
291 silly fetch manifest delayed-stream@~1.0.0
292 silly packumentCache full:https://registry.npmmirror.com/delayed-stream cache-miss
293 silly fetch manifest es-errors@^1.3.0
294 silly packumentCache full:https://registry.npmmirror.com/es-errors cache-miss
295 silly fetch manifest get-intrinsic@^1.2.6
296 silly packumentCache full:https://registry.npmmirror.com/get-intrinsic cache-miss
297 silly fetch manifest has-tostringtag@^1.0.2
298 silly packumentCache full:https://registry.npmmirror.com/has-tostringtag cache-miss
299 silly fetch manifest function-bind@^1.1.2
300 silly packumentCache full:https://registry.npmmirror.com/function-bind cache-miss
301 silly fetch manifest mime-db@1.52.0
302 silly packumentCache full:https://registry.npmmirror.com/mime-db cache-miss
303 http fetch GET 200 https://registry.npmmirror.com/delayed-stream 19ms (cache miss)
304 silly packumentCache full:https://registry.npmmirror.com/delayed-stream set size:4333 disposed:false
305 http fetch GET 200 https://registry.npmmirror.com/function-bind 19ms (cache miss)
306 silly packumentCache full:https://registry.npmmirror.com/function-bind set size:4376 disposed:false
307 http fetch GET 200 https://registry.npmmirror.com/has-tostringtag 24ms (cache miss)
308 silly packumentCache full:https://registry.npmmirror.com/has-tostringtag set size:3448 disposed:false
309 http fetch GET 200 https://registry.npmmirror.com/mime-db 28ms (cache miss)
310 silly packumentCache full:https://registry.npmmirror.com/mime-db set size:24206 disposed:false
311 http fetch GET 200 https://registry.npmmirror.com/es-errors 79ms (cache miss)
312 silly packumentCache full:https://registry.npmmirror.com/es-errors set size:4030 disposed:false
313 http fetch GET 200 https://registry.npmmirror.com/get-intrinsic 258ms (cache miss)
314 silly packumentCache full:https://registry.npmmirror.com/get-intrinsic set size:11575 disposed:false
315 silly placeDep ROOT delayed-stream@1.0.0 OK for: combined-stream@1.0.8 want: ~1.0.0
316 silly placeDep ROOT es-errors@1.3.0 OK for: es-set-tostringtag@2.1.0 want: ^1.3.0
317 silly placeDep ROOT get-intrinsic@1.3.0 OK for: es-set-tostringtag@2.1.0 want: ^1.2.6
318 silly placeDep ROOT has-tostringtag@1.0.2 OK for: es-set-tostringtag@2.1.0 want: ^1.0.2
319 silly fetch manifest call-bind-apply-helpers@^1.0.2
320 silly packumentCache full:https://registry.npmmirror.com/call-bind-apply-helpers cache-miss
321 silly fetch manifest es-define-property@^1.0.1
322 silly packumentCache full:https://registry.npmmirror.com/es-define-property cache-miss
323 silly fetch manifest es-object-atoms@^1.1.1
324 silly packumentCache full:https://registry.npmmirror.com/es-object-atoms cache-miss
325 silly fetch manifest get-proto@^1.0.1
326 silly packumentCache full:https://registry.npmmirror.com/get-proto cache-miss
327 silly fetch manifest gopd@^1.2.0
328 silly packumentCache full:https://registry.npmmirror.com/gopd cache-miss
329 silly fetch manifest has-symbols@^1.1.0
330 silly packumentCache full:https://registry.npmmirror.com/has-symbols cache-miss
331 silly fetch manifest math-intrinsics@^1.1.0
332 silly packumentCache full:https://registry.npmmirror.com/math-intrinsics cache-miss
333 silly fetch manifest has-symbols@^1.0.3
334 silly packumentCache full:https://registry.npmmirror.com/has-symbols cache-miss
335 http fetch GET 200 https://registry.npmmirror.com/es-define-property 23ms (cache miss)
336 silly packumentCache full:https://registry.npmmirror.com/es-define-property set size:2896 disposed:false
337 http fetch GET 200 https://registry.npmmirror.com/gopd 23ms (cache miss)
338 silly packumentCache full:https://registry.npmmirror.com/gopd set size:3962 disposed:false
339 http fetch GET 200 https://registry.npmmirror.com/es-object-atoms 26ms (cache miss)
340 silly packumentCache full:https://registry.npmmirror.com/es-object-atoms set size:3862 disposed:false
341 http fetch GET 200 https://registry.npmmirror.com/has-symbols 25ms (cache miss)
342 silly packumentCache full:https://registry.npmmirror.com/has-symbols set size:5325 disposed:false
343 http fetch GET 200 https://registry.npmmirror.com/has-symbols 26ms (cache miss)
344 silly packumentCache full:https://registry.npmmirror.com/has-symbols set size:5325 disposed:false
345 silly packumentCache full:https://registry.npmmirror.com/has-symbols dispose
346 http fetch GET 200 https://registry.npmmirror.com/get-proto 30ms (cache miss)
347 silly packumentCache full:https://registry.npmmirror.com/get-proto set size:2799 disposed:false
348 http fetch GET 200 https://registry.npmmirror.com/math-intrinsics 31ms (cache miss)
349 silly packumentCache full:https://registry.npmmirror.com/math-intrinsics set size:3012 disposed:false
350 http fetch GET 200 https://registry.npmmirror.com/call-bind-apply-helpers 37ms (cache miss)
351 silly packumentCache full:https://registry.npmmirror.com/call-bind-apply-helpers set size:3532 disposed:false
352 silly placeDep ROOT call-bind-apply-helpers@1.0.2 OK for: get-intrinsic@1.3.0 want: ^1.0.2
353 silly placeDep ROOT es-define-property@1.0.1 OK for: get-intrinsic@1.3.0 want: ^1.0.1
354 silly placeDep ROOT es-object-atoms@1.1.1 OK for: get-intrinsic@1.3.0 want: ^1.1.1
355 silly placeDep ROOT function-bind@1.1.2 OK for: get-intrinsic@1.3.0 want: ^1.1.2
356 silly placeDep ROOT get-proto@1.0.1 OK for: get-intrinsic@1.3.0 want: ^1.0.1
357 silly placeDep ROOT gopd@1.2.0 OK for: get-intrinsic@1.3.0 want: ^1.2.0
358 silly placeDep ROOT has-symbols@1.1.0 OK for: get-intrinsic@1.3.0 want: ^1.1.0
359 silly placeDep ROOT math-intrinsics@1.1.0 OK for: get-intrinsic@1.3.0 want: ^1.1.0
360 silly fetch manifest dunder-proto@^1.0.1
361 silly packumentCache full:https://registry.npmmirror.com/dunder-proto cache-miss
362 http fetch GET 200 https://registry.npmmirror.com/dunder-proto 14ms (cache miss)
363 silly packumentCache full:https://registry.npmmirror.com/dunder-proto set size:2798 disposed:false
364 silly placeDep ROOT dunder-proto@1.0.1 OK for: get-proto@1.0.1 want: ^1.0.1
365 silly placeDep ROOT mime-db@1.52.0 OK for: mime-types@2.1.35 want: 1.52.0
366 silly fetch manifest @vue/composition-api@^1.0.0-rc.1
367 silly packumentCache full:https://registry.npmmirror.com/@vue%2fcomposition-api cache-miss
368 http fetch GET 200 https://registry.npmmirror.com/@vue%2fcomposition-api 43ms (cache miss)
369 silly packumentCache full:https://registry.npmmirror.com/@vue%2fcomposition-api set size:60414 disposed:false
370 silly fetch manifest vue@^2.7.0 || ^3.5.11
371 silly packumentCache full:https://registry.npmmirror.com/vue cache-hit
372 silly fetch manifest vue@>= 2.5 < 2.7
373 silly packumentCache full:https://registry.npmmirror.com/vue cache-hit
374 silly placeDep ROOT @vue/devtools-api@6.6.4 OK for: pinia@2.3.1 want: ^6.6.3
375 silly placeDep ROOT vue-demi@0.14.10 OK for: pinia@2.3.1 want: ^0.14.10
376 silly placeDep ROOT esbuild@0.21.5 OK for: vite@5.4.21 want: ^0.21.3
377 silly placeDep ROOT fsevents@2.3.3 OK for: vite@5.4.21 want: ~2.3.3
378 silly placeDep ROOT postcss@8.5.8 OK for: vite@5.4.21 want: ^8.4.43
379 silly placeDep ROOT rollup@4.59.0 OK for: vite@5.4.21 want: ^4.20.0
380 silly fetch manifest @esbuild/aix-ppc64@0.21.5
381 silly packumentCache full:https://registry.npmmirror.com/@esbuild%2faix-ppc64 cache-miss
382 silly fetch manifest @esbuild/android-arm@0.21.5
383 silly packumentCache full:https://registry.npmmirror.com/@esbuild%2fandroid-arm cache-miss
384 silly fetch manifest @esbuild/android-arm64@0.21.5
385 silly packumentCache full:https://registry.npmmirror.com/@esbuild%2fandroid-arm64 cache-miss
386 silly fetch manifest @esbuild/android-x64@0.21.5
387 silly packumentCache full:https://registry.npmmirror.com/@esbuild%2fandroid-x64 cache-miss
388 silly fetch manifest @esbuild/darwin-arm64@0.21.5
389 silly packumentCache full:https://registry.npmmirror.com/@esbuild%2fdarwin-arm64 cache-miss
390 silly fetch manifest @esbuild/darwin-x64@0.21.5
391 silly packumentCache full:https://registry.npmmirror.com/@esbuild%2fdarwin-x64 cache-miss
392 silly fetch manifest @esbuild/freebsd-arm64@0.21.5
393 silly packumentCache full:https://registry.npmmirror.com/@esbuild%2ffreebsd-arm64 cache-miss
394 silly fetch manifest @esbuild/freebsd-x64@0.21.5
395 silly packumentCache full:https://registry.npmmirror.com/@esbuild%2ffreebsd-x64 cache-miss
396 silly fetch manifest @esbuild/linux-arm@0.21.5
397 silly packumentCache full:https://registry.npmmirror.com/@esbuild%2flinux-arm cache-miss
398 silly fetch manifest @esbuild/linux-arm64@0.21.5
399 silly packumentCache full:https://registry.npmmirror.com/@esbuild%2flinux-arm64 cache-miss
400 silly fetch manifest @esbuild/linux-ia32@0.21.5
401 silly packumentCache full:https://registry.npmmirror.com/@esbuild%2flinux-ia32 cache-miss
402 silly fetch manifest @esbuild/linux-loong64@0.21.5
403 silly packumentCache full:https://registry.npmmirror.com/@esbuild%2flinux-loong64 cache-miss
404 silly fetch manifest @esbuild/linux-mips64el@0.21.5
405 silly packumentCache full:https://registry.npmmirror.com/@esbuild%2flinux-mips64el cache-miss
406 silly fetch manifest @esbuild/linux-ppc64@0.21.5
407 silly packumentCache full:https://registry.npmmirror.com/@esbuild%2flinux-ppc64 cache-miss
408 silly fetch manifest @esbuild/linux-riscv64@0.21.5
409 silly packumentCache full:https://registry.npmmirror.com/@esbuild%2flinux-riscv64 cache-miss
410 silly fetch manifest @esbuild/linux-s390x@0.21.5
411 silly packumentCache full:https://registry.npmmirror.com/@esbuild%2flinux-s390x cache-miss
412 silly fetch manifest @esbuild/linux-x64@0.21.5
413 silly packumentCache full:https://registry.npmmirror.com/@esbuild%2flinux-x64 cache-miss
414 silly fetch manifest @esbuild/netbsd-x64@0.21.5
415 silly packumentCache full:https://registry.npmmirror.com/@esbuild%2fnetbsd-x64 cache-miss
416 silly fetch manifest @esbuild/openbsd-x64@0.21.5
417 silly packumentCache full:https://registry.npmmirror.com/@esbuild%2fopenbsd-x64 cache-miss
418 http fetch GET 200 https://registry.npmmirror.com/@esbuild%2faix-ppc64 45ms (cache miss)
419 silly packumentCache full:https://registry.npmmirror.com/@esbuild%2faix-ppc64 set size:14108 disposed:false
420 silly fetch manifest @esbuild/sunos-x64@0.21.5
421 silly packumentCache full:https://registry.npmmirror.com/@esbuild%2fsunos-x64 cache-miss
422 http fetch GET 200 https://registry.npmmirror.com/@esbuild%2fdarwin-x64 70ms (cache miss)
423 silly packumentCache full:https://registry.npmmirror.com/@esbuild%2fdarwin-x64 set size:58399 disposed:false
424 silly fetch manifest @esbuild/win32-arm64@0.21.5
425 silly packumentCache full:https://registry.npmmirror.com/@esbuild%2fwin32-arm64 cache-miss
426 http fetch GET 200 https://registry.npmmirror.com/@esbuild%2flinux-arm64 98ms (cache miss)
427 silly packumentCache full:https://registry.npmmirror.com/@esbuild%2flinux-arm64 set size:58475 disposed:false
428 silly fetch manifest @esbuild/win32-ia32@0.21.5
429 silly packumentCache full:https://registry.npmmirror.com/@esbuild%2fwin32-ia32 cache-miss
430 http fetch GET 200 https://registry.npmmirror.com/@esbuild%2ffreebsd-x64 108ms (cache miss)
431 silly packumentCache full:https://registry.npmmirror.com/@esbuild%2ffreebsd-x64 set size:58654 disposed:false
432 silly fetch manifest @esbuild/win32-x64@0.21.5
433 silly packumentCache full:https://registry.npmmirror.com/@esbuild%2fwin32-x64 cache-miss
434 http fetch GET 200 https://registry.npmmirror.com/@esbuild%2fandroid-x64 116ms (cache miss)
435 silly packumentCache full:https://registry.npmmirror.com/@esbuild%2fandroid-x64 set size:58515 disposed:false
436 silly fetch manifest nanoid@^3.3.11
437 silly packumentCache full:https://registry.npmmirror.com/nanoid cache-miss
438 http fetch GET 200 https://registry.npmmirror.com/@esbuild%2flinux-arm 118ms (cache miss)
439 silly packumentCache full:https://registry.npmmirror.com/@esbuild%2flinux-arm set size:57964 disposed:false
440 silly fetch manifest picocolors@^1.1.1
441 silly packumentCache full:https://registry.npmmirror.com/picocolors cache-miss
442 http fetch GET 200 https://registry.npmmirror.com/@esbuild%2flinux-ia32 136ms (cache miss)
443 silly packumentCache full:https://registry.npmmirror.com/@esbuild%2flinux-ia32 set size:58714 disposed:false
444 silly fetch manifest source-map-js@^1.2.1
445 silly packumentCache full:https://registry.npmmirror.com/source-map-js cache-miss
446 http fetch GET 200 https://registry.npmmirror.com/@esbuild%2flinux-mips64el 147ms (cache miss)
447 silly packumentCache full:https://registry.npmmirror.com/@esbuild%2flinux-mips64el set size:58599 disposed:false
448 silly fetch manifest @types/estree@1.0.8
449 silly packumentCache full:https://registry.npmmirror.com/@types%2festree cache-miss
450 http fetch GET 200 https://registry.npmmirror.com/@esbuild%2fandroid-arm64 153ms (cache miss)
451 silly packumentCache full:https://registry.npmmirror.com/@esbuild%2fandroid-arm64 set size:59081 disposed:false
452 silly fetch manifest @rollup/rollup-darwin-arm64@4.59.0
453 silly packumentCache full:https://registry.npmmirror.com/@rollup%2frollup-darwin-arm64 cache-miss
454 http fetch GET 200 https://registry.npmmirror.com/@esbuild%2flinux-s390x 158ms (cache miss)
455 silly packumentCache full:https://registry.npmmirror.com/@esbuild%2flinux-s390x set size:58572 disposed:false
456 silly fetch manifest @rollup/rollup-android-arm64@4.59.0
457 silly packumentCache full:https://registry.npmmirror.com/@rollup%2frollup-android-arm64 cache-miss
458 http fetch GET 200 https://registry.npmmirror.com/@esbuild%2ffreebsd-arm64 166ms (cache miss)
459 silly packumentCache full:https://registry.npmmirror.com/@esbuild%2ffreebsd-arm64 set size:58425 disposed:false
460 silly fetch manifest @rollup/rollup-win32-arm64-msvc@4.59.0
461 silly packumentCache full:https://registry.npmmirror.com/@rollup%2frollup-win32-arm64-msvc cache-miss
462 http fetch GET 200 https://registry.npmmirror.com/@esbuild%2flinux-x64 170ms (cache miss)
463 silly packumentCache full:https://registry.npmmirror.com/@esbuild%2flinux-x64 set size:58470 disposed:false
464 silly fetch manifest @rollup/rollup-freebsd-arm64@4.59.0
465 silly packumentCache full:https://registry.npmmirror.com/@rollup%2frollup-freebsd-arm64 cache-miss
466 http fetch GET 200 https://registry.npmmirror.com/@esbuild%2flinux-loong64 180ms (cache miss)
467 silly packumentCache full:https://registry.npmmirror.com/@esbuild%2flinux-loong64 set size:78044 disposed:false
468 silly fetch manifest @rollup/rollup-linux-arm64-gnu@4.59.0
469 silly packumentCache full:https://registry.npmmirror.com/@rollup%2frollup-linux-arm64-gnu cache-miss
470 http fetch GET 200 https://registry.npmmirror.com/@esbuild%2fsunos-x64 136ms (cache miss)
471 silly packumentCache full:https://registry.npmmirror.com/@esbuild%2fsunos-x64 set size:58581 disposed:false
472 silly fetch manifest @rollup/rollup-linux-arm64-musl@4.59.0
473 silly packumentCache full:https://registry.npmmirror.com/@rollup%2frollup-linux-arm64-musl cache-miss
474 http fetch GET 200 https://registry.npmmirror.com/@esbuild%2fnetbsd-x64 185ms (cache miss)
475 silly packumentCache full:https://registry.npmmirror.com/@esbuild%2fnetbsd-x64 set size:58795 disposed:false
476 silly fetch manifest @rollup/rollup-android-arm-eabi@4.59.0
477 silly packumentCache full:https://registry.npmmirror.com/@rollup%2frollup-android-arm-eabi cache-miss
478 http fetch GET 200 https://registry.npmmirror.com/@esbuild%2fopenbsd-x64 188ms (cache miss)
479 silly packumentCache full:https://registry.npmmirror.com/@esbuild%2fopenbsd-x64 set size:58670 disposed:false
480 silly fetch manifest @rollup/rollup-linux-arm-gnueabihf@4.59.0
481 silly packumentCache full:https://registry.npmmirror.com/@rollup%2frollup-linux-arm-gnueabihf cache-miss
482 http fetch GET 200 https://registry.npmmirror.com/@esbuild%2fdarwin-arm64 197ms (cache miss)
483 silly packumentCache full:https://registry.npmmirror.com/@esbuild%2fdarwin-arm64 set size:58785 disposed:false
484 silly fetch manifest @rollup/rollup-linux-arm-musleabihf@4.59.0
485 silly packumentCache full:https://registry.npmmirror.com/@rollup%2frollup-linux-arm-musleabihf cache-miss
486 http fetch GET 200 https://registry.npmmirror.com/@esbuild%2flinux-riscv64 202ms (cache miss)
487 silly packumentCache full:https://registry.npmmirror.com/@esbuild%2flinux-riscv64 set size:58693 disposed:false
488 silly fetch manifest @rollup/rollup-win32-ia32-msvc@4.59.0
489 silly packumentCache full:https://registry.npmmirror.com/@rollup%2frollup-win32-ia32-msvc cache-miss
490 http fetch GET 200 https://registry.npmmirror.com/@esbuild%2fwin32-arm64 134ms (cache miss)
491 silly packumentCache full:https://registry.npmmirror.com/@esbuild%2fwin32-arm64 set size:58602 disposed:false
492 silly fetch manifest @rollup/rollup-linux-loong64-gnu@4.59.0
493 silly packumentCache full:https://registry.npmmirror.com/@rollup%2frollup-linux-loong64-gnu cache-miss
494 http fetch GET 200 https://registry.npmmirror.com/@esbuild%2flinux-ppc64 216ms (cache miss)
495 silly packumentCache full:https://registry.npmmirror.com/@esbuild%2flinux-ppc64 set size:58552 disposed:false
496 silly fetch manifest @rollup/rollup-linux-loong64-musl@4.59.0
497 silly packumentCache full:https://registry.npmmirror.com/@rollup%2frollup-linux-loong64-musl cache-miss
498 http fetch GET 200 https://registry.npmmirror.com/@esbuild%2fwin32-ia32 126ms (cache miss)
499 silly packumentCache full:https://registry.npmmirror.com/@esbuild%2fwin32-ia32 set size:59087 disposed:false
500 silly fetch manifest @rollup/rollup-linux-riscv64-gnu@4.59.0
501 silly packumentCache full:https://registry.npmmirror.com/@rollup%2frollup-linux-riscv64-gnu cache-miss
502 http fetch GET 200 https://registry.npmmirror.com/@types%2festree 83ms (cache miss)
503 silly packumentCache full:https://registry.npmmirror.com/@types%2festree set size:16110 disposed:false
504 silly fetch manifest @rollup/rollup-linux-riscv64-musl@4.59.0
505 silly packumentCache full:https://registry.npmmirror.com/@rollup%2frollup-linux-riscv64-musl cache-miss
506 http fetch GET 200 https://registry.npmmirror.com/source-map-js 98ms (cache miss)
507 silly packumentCache full:https://registry.npmmirror.com/source-map-js set size:14399 disposed:false
508 silly fetch manifest @rollup/rollup-linux-ppc64-gnu@4.59.0
509 silly packumentCache full:https://registry.npmmirror.com/@rollup%2frollup-linux-ppc64-gnu cache-miss
510 http fetch GET 200 https://registry.npmmirror.com/@esbuild%2fandroid-arm 241ms (cache miss)
511 silly packumentCache full:https://registry.npmmirror.com/@esbuild%2fandroid-arm set size:68777 disposed:false
512 silly fetch manifest @rollup/rollup-linux-ppc64-musl@4.59.0
513 silly packumentCache full:https://registry.npmmirror.com/@rollup%2frollup-linux-ppc64-musl cache-miss
514 http fetch GET 200 https://registry.npmmirror.com/@rollup%2frollup-freebsd-arm64 87ms (cache miss)
515 silly packumentCache full:https://registry.npmmirror.com/@rollup%2frollup-freebsd-arm64 set size:36555 disposed:false
516 silly fetch manifest @rollup/rollup-linux-s390x-gnu@4.59.0
517 silly packumentCache full:https://registry.npmmirror.com/@rollup%2frollup-linux-s390x-gnu cache-miss
518 http fetch GET 200 https://registry.npmmirror.com/@rollup%2frollup-darwin-arm64 122ms (cache miss)
519 silly packumentCache full:https://registry.npmmirror.com/@rollup%2frollup-darwin-arm64 set size:67592 disposed:false
520 silly fetch manifest @rollup/rollup-darwin-x64@4.59.0
521 silly packumentCache full:https://registry.npmmirror.com/@rollup%2frollup-darwin-x64 cache-miss
522 http fetch GET 200 https://registry.npmmirror.com/@rollup%2frollup-linux-loong64-musl 65ms (cache miss)
523 silly packumentCache full:https://registry.npmmirror.com/@rollup%2frollup-linux-loong64-musl set size:4482 disposed:false
524 silly fetch manifest @rollup/rollup-win32-x64-gnu@4.59.0
525 silly packumentCache full:https://registry.npmmirror.com/@rollup%2frollup-win32-x64-gnu cache-miss
526 http fetch GET 200 https://registry.npmmirror.com/@rollup%2frollup-linux-loong64-gnu 76ms (cache miss)
527 silly packumentCache full:https://registry.npmmirror.com/@rollup%2frollup-linux-loong64-gnu set size:11407 disposed:false
528 silly fetch manifest @rollup/rollup-win32-x64-msvc@4.59.0
529 silly packumentCache full:https://registry.npmmirror.com/@rollup%2frollup-win32-x64-msvc cache-miss
530 http fetch GET 200 https://registry.npmmirror.com/@rollup%2frollup-android-arm64 128ms (cache miss)
531 silly packumentCache full:https://registry.npmmirror.com/@rollup%2frollup-android-arm64 set size:67851 disposed:false
532 silly fetch manifest @rollup/rollup-freebsd-x64@4.59.0
533 silly packumentCache full:https://registry.npmmirror.com/@rollup%2frollup-freebsd-x64 cache-miss
534 http fetch GET 200 https://registry.npmmirror.com/@rollup%2frollup-linux-ppc64-musl 56ms (cache miss)
535 silly packumentCache full:https://registry.npmmirror.com/@rollup%2frollup-linux-ppc64-musl set size:4487 disposed:false
536 silly fetch manifest @rollup/rollup-linux-x64-gnu@4.59.0
537 silly packumentCache full:https://registry.npmmirror.com/@rollup%2frollup-linux-x64-gnu cache-miss
538 http fetch GET 200 https://registry.npmmirror.com/@rollup%2frollup-linux-arm64-musl 115ms (cache miss)
539 silly packumentCache full:https://registry.npmmirror.com/@rollup%2frollup-linux-arm64-musl set size:58896 disposed:false
540 silly fetch manifest @rollup/rollup-linux-x64-musl@4.59.0
541 silly packumentCache full:https://registry.npmmirror.com/@rollup%2frollup-linux-x64-musl cache-miss
542 http fetch GET 200 https://registry.npmmirror.com/@rollup%2frollup-linux-arm64-gnu 125ms (cache miss)
543 silly packumentCache full:https://registry.npmmirror.com/@rollup%2frollup-linux-arm64-gnu set size:67704 disposed:false
544 silly fetch manifest @rollup/rollup-openbsd-x64@4.59.0
545 silly packumentCache full:https://registry.npmmirror.com/@rollup%2frollup-openbsd-x64 cache-miss
546 http fetch GET 200 https://registry.npmmirror.com/@rollup%2frollup-android-arm-eabi 123ms (cache miss)
547 silly packumentCache full:https://registry.npmmirror.com/@rollup%2frollup-android-arm-eabi set size:67705 disposed:false
548 silly fetch manifest @rollup/rollup-openharmony-arm64@4.59.0
549 silly packumentCache full:https://registry.npmmirror.com/@rollup%2frollup-openharmony-arm64 cache-miss
550 http fetch GET 200 https://registry.npmmirror.com/@rollup%2frollup-linux-ppc64-gnu 84ms (cache miss)
551 silly packumentCache full:https://registry.npmmirror.com/@rollup%2frollup-linux-ppc64-gnu set size:15892 disposed:false
552 http fetch GET 200 https://registry.npmmirror.com/@rollup%2frollup-win32-ia32-msvc 119ms (cache miss)
553 silly packumentCache full:https://registry.npmmirror.com/@rollup%2frollup-win32-ia32-msvc set size:68220 disposed:false
554 http fetch GET 200 https://registry.npmmirror.com/@rollup%2frollup-linux-riscv64-musl 96ms (cache miss)
555 silly packumentCache full:https://registry.npmmirror.com/@rollup%2frollup-linux-riscv64-musl set size:20995 disposed:false
556 http fetch GET 200 https://registry.npmmirror.com/@rollup%2frollup-win32-arm64-msvc 164ms (cache miss)
557 silly packumentCache full:https://registry.npmmirror.com/@rollup%2frollup-win32-arm64-msvc set size:68049 disposed:false
558 http fetch GET 200 https://registry.npmmirror.com/@rollup%2frollup-linux-arm-musleabihf 135ms (cache miss)
559 silly packumentCache full:https://registry.npmmirror.com/@rollup%2frollup-linux-arm-musleabihf set size:47177 disposed:false
560 http fetch GET 200 https://registry.npmmirror.com/@rollup%2frollup-linux-riscv64-gnu 112ms (cache miss)
561 silly packumentCache full:https://registry.npmmirror.com/@rollup%2frollup-linux-riscv64-gnu set size:52987 disposed:false
562 http fetch GET 200 https://registry.npmmirror.com/@rollup%2frollup-win32-x64-gnu 64ms (cache miss)
563 silly packumentCache full:https://registry.npmmirror.com/@rollup%2frollup-win32-x64-gnu set size:10260 disposed:false
564 http fetch GET 200 https://registry.npmmirror.com/@rollup%2frollup-openbsd-x64 42ms (cache miss)
565 silly packumentCache full:https://registry.npmmirror.com/@rollup%2frollup-openbsd-x64 set size:4540 disposed:false
566 http fetch GET 200 https://registry.npmmirror.com/@rollup%2frollup-openharmony-arm64 43ms (cache miss)
567 silly packumentCache full:https://registry.npmmirror.com/@rollup%2frollup-openharmony-arm64 set size:11757 disposed:false
568 http fetch GET 200 https://registry.npmmirror.com/@rollup%2frollup-linux-s390x-gnu 97ms (cache miss)
569 silly packumentCache full:https://registry.npmmirror.com/@rollup%2frollup-linux-s390x-gnu set size:48117 disposed:false
570 http fetch GET 200 https://registry.npmmirror.com/@rollup%2frollup-linux-arm-gnueabihf 171ms (cache miss)
571 silly packumentCache full:https://registry.npmmirror.com/@rollup%2frollup-linux-arm-gnueabihf set size:68215 disposed:false
572 http fetch GET 200 https://registry.npmmirror.com/@rollup%2frollup-darwin-x64 88ms (cache miss)
573 silly packumentCache full:https://registry.npmmirror.com/@rollup%2frollup-darwin-x64 set size:67032 disposed:false
574 http fetch GET 200 https://registry.npmmirror.com/@rollup%2frollup-win32-x64-msvc 85ms (cache miss)
575 silly packumentCache full:https://registry.npmmirror.com/@rollup%2frollup-win32-x64-msvc set size:67353 disposed:false
576 http fetch GET 200 https://registry.npmmirror.com/@rollup%2frollup-linux-x64-gnu 79ms (cache miss)
577 silly packumentCache full:https://registry.npmmirror.com/@rollup%2frollup-linux-x64-gnu set size:67235 disposed:false
578 http fetch GET 200 https://registry.npmmirror.com/nanoid 264ms (cache miss)
579 silly packumentCache full:https://registry.npmmirror.com/nanoid set size:45949 disposed:false
580 http fetch GET 200 https://registry.npmmirror.com/picocolors 265ms (cache miss)
581 silly packumentCache full:https://registry.npmmirror.com/picocolors set size:4040 disposed:false
582 http fetch GET 200 https://registry.npmmirror.com/@rollup%2frollup-freebsd-x64 93ms (cache miss)
583 silly packumentCache full:https://registry.npmmirror.com/@rollup%2frollup-freebsd-x64 set size:36552 disposed:false
584 http fetch GET 200 https://registry.npmmirror.com/@esbuild%2fwin32-x64 287ms (cache miss)
585 silly packumentCache full:https://registry.npmmirror.com/@esbuild%2fwin32-x64 set size:58841 disposed:false
586 http fetch GET 200 https://registry.npmmirror.com/@rollup%2frollup-linux-x64-musl 141ms (cache miss)
587 silly packumentCache full:https://registry.npmmirror.com/@rollup%2frollup-linux-x64-musl set size:67280 disposed:false
588 silly placeDep ROOT @esbuild/aix-ppc64@0.21.5 OK for: esbuild@0.21.5 want: 0.21.5
589 silly placeDep ROOT @esbuild/android-arm@0.21.5 OK for: esbuild@0.21.5 want: 0.21.5
590 silly placeDep ROOT @esbuild/android-arm64@0.21.5 OK for: esbuild@0.21.5 want: 0.21.5
591 silly placeDep ROOT @esbuild/android-x64@0.21.5 OK for: esbuild@0.21.5 want: 0.21.5
592 silly placeDep ROOT @esbuild/darwin-arm64@0.21.5 OK for: esbuild@0.21.5 want: 0.21.5
593 silly placeDep ROOT @esbuild/darwin-x64@0.21.5 OK for: esbuild@0.21.5 want: 0.21.5
594 silly placeDep ROOT @esbuild/freebsd-arm64@0.21.5 OK for: esbuild@0.21.5 want: 0.21.5
595 silly placeDep ROOT @esbuild/freebsd-x64@0.21.5 OK for: esbuild@0.21.5 want: 0.21.5
596 silly placeDep ROOT @esbuild/linux-arm@0.21.5 OK for: esbuild@0.21.5 want: 0.21.5
597 silly placeDep ROOT @esbuild/linux-arm64@0.21.5 OK for: esbuild@0.21.5 want: 0.21.5
598 silly placeDep ROOT @esbuild/linux-ia32@0.21.5 OK for: esbuild@0.21.5 want: 0.21.5
599 silly placeDep ROOT @esbuild/linux-loong64@0.21.5 OK for: esbuild@0.21.5 want: 0.21.5
600 silly placeDep ROOT @esbuild/linux-mips64el@0.21.5 OK for: esbuild@0.21.5 want: 0.21.5
601 silly placeDep ROOT @esbuild/linux-ppc64@0.21.5 OK for: esbuild@0.21.5 want: 0.21.5
602 silly placeDep ROOT @esbuild/linux-riscv64@0.21.5 OK for: esbuild@0.21.5 want: 0.21.5
603 silly placeDep ROOT @esbuild/linux-s390x@0.21.5 OK for: esbuild@0.21.5 want: 0.21.5
604 silly placeDep ROOT @esbuild/linux-x64@0.21.5 OK for: esbuild@0.21.5 want: 0.21.5
605 silly placeDep ROOT @esbuild/netbsd-x64@0.21.5 OK for: esbuild@0.21.5 want: 0.21.5
606 silly placeDep ROOT @esbuild/openbsd-x64@0.21.5 OK for: esbuild@0.21.5 want: 0.21.5
607 silly placeDep ROOT @esbuild/sunos-x64@0.21.5 OK for: esbuild@0.21.5 want: 0.21.5
608 silly placeDep ROOT @esbuild/win32-arm64@0.21.5 OK for: esbuild@0.21.5 want: 0.21.5
609 silly placeDep ROOT @esbuild/win32-ia32@0.21.5 OK for: esbuild@0.21.5 want: 0.21.5
610 silly placeDep ROOT @esbuild/win32-x64@0.21.5 OK for: esbuild@0.21.5 want: 0.21.5
611 silly placeDep ROOT nanoid@3.3.11 OK for: postcss@8.5.8 want: ^3.3.11
612 silly placeDep ROOT picocolors@1.1.1 OK for: postcss@8.5.8 want: ^1.1.1
613 silly placeDep ROOT source-map-js@1.2.1 OK for: postcss@8.5.8 want: ^1.2.1
614 silly placeDep ROOT @rollup/rollup-android-arm-eabi@4.59.0 OK for: rollup@4.59.0 want: 4.59.0
615 silly placeDep ROOT @rollup/rollup-android-arm64@4.59.0 OK for: rollup@4.59.0 want: 4.59.0
616 silly placeDep ROOT @rollup/rollup-darwin-arm64@4.59.0 OK for: rollup@4.59.0 want: 4.59.0
617 silly placeDep ROOT @rollup/rollup-darwin-x64@4.59.0 OK for: rollup@4.59.0 want: 4.59.0
618 silly placeDep ROOT @rollup/rollup-freebsd-arm64@4.59.0 OK for: rollup@4.59.0 want: 4.59.0
619 silly placeDep ROOT @rollup/rollup-freebsd-x64@4.59.0 OK for: rollup@4.59.0 want: 4.59.0
620 silly placeDep ROOT @rollup/rollup-linux-arm-gnueabihf@4.59.0 OK for: rollup@4.59.0 want: 4.59.0
621 silly placeDep ROOT @rollup/rollup-linux-arm-musleabihf@4.59.0 OK for: rollup@4.59.0 want: 4.59.0
622 silly placeDep ROOT @rollup/rollup-linux-arm64-gnu@4.59.0 OK for: rollup@4.59.0 want: 4.59.0
623 silly placeDep ROOT @rollup/rollup-linux-arm64-musl@4.59.0 OK for: rollup@4.59.0 want: 4.59.0
624 silly placeDep ROOT @rollup/rollup-linux-loong64-gnu@4.59.0 OK for: rollup@4.59.0 want: 4.59.0
625 silly placeDep ROOT @rollup/rollup-linux-loong64-musl@4.59.0 OK for: rollup@4.59.0 want: 4.59.0
626 silly placeDep ROOT @rollup/rollup-linux-ppc64-gnu@4.59.0 OK for: rollup@4.59.0 want: 4.59.0
627 silly placeDep ROOT @rollup/rollup-linux-ppc64-musl@4.59.0 OK for: rollup@4.59.0 want: 4.59.0
628 silly placeDep ROOT @rollup/rollup-linux-riscv64-gnu@4.59.0 OK for: rollup@4.59.0 want: 4.59.0
629 silly placeDep ROOT @rollup/rollup-linux-riscv64-musl@4.59.0 OK for: rollup@4.59.0 want: 4.59.0
630 silly placeDep ROOT @rollup/rollup-linux-s390x-gnu@4.59.0 OK for: rollup@4.59.0 want: 4.59.0
631 silly placeDep ROOT @rollup/rollup-linux-x64-gnu@4.59.0 OK for: rollup@4.59.0 want: 4.59.0
632 silly placeDep ROOT @rollup/rollup-linux-x64-musl@4.59.0 OK for: rollup@4.59.0 want: 4.59.0
633 silly placeDep ROOT @rollup/rollup-openbsd-x64@4.59.0 OK for: rollup@4.59.0 want: 4.59.0
634 silly placeDep ROOT @rollup/rollup-openharmony-arm64@4.59.0 OK for: rollup@4.59.0 want: 4.59.0
635 silly placeDep ROOT @rollup/rollup-win32-arm64-msvc@4.59.0 OK for: rollup@4.59.0 want: 4.59.0
636 silly placeDep ROOT @rollup/rollup-win32-ia32-msvc@4.59.0 OK for: rollup@4.59.0 want: 4.59.0
637 silly placeDep ROOT @rollup/rollup-win32-x64-gnu@4.59.0 OK for: rollup@4.59.0 want: 4.59.0
638 silly placeDep ROOT @rollup/rollup-win32-x64-msvc@4.59.0 OK for: rollup@4.59.0 want: 4.59.0
639 silly placeDep ROOT @types/estree@1.0.8 OK for: rollup@4.59.0 want: 1.0.8
640 silly fetch manifest vue@3.5.30
641 silly packumentCache full:https://registry.npmmirror.com/vue cache-hit
642 silly placeDep ROOT @vue/compiler-dom@3.5.30 OK for: vue@3.5.30 want: 3.5.30
643 silly placeDep ROOT @vue/compiler-sfc@3.5.30 OK for: vue@3.5.30 want: 3.5.30
644 silly placeDep ROOT @vue/runtime-dom@3.5.30 OK for: vue@3.5.30 want: 3.5.30
645 silly placeDep ROOT @vue/server-renderer@3.5.30 OK for: vue@3.5.30 want: 3.5.30
646 silly placeDep ROOT @vue/shared@3.5.30 OK for: vue@3.5.30 want: 3.5.30
647 silly fetch manifest @vue/compiler-core@3.5.30
648 silly packumentCache full:https://registry.npmmirror.com/@vue%2fcompiler-core cache-miss
649 silly fetch manifest @babel/parser@^7.29.0
650 silly packumentCache full:https://registry.npmmirror.com/@babel%2fparser cache-miss
651 silly fetch manifest estree-walker@^2.0.2
652 silly packumentCache full:https://registry.npmmirror.com/estree-walker cache-miss
653 silly fetch manifest magic-string@^0.30.21
654 silly packumentCache full:https://registry.npmmirror.com/magic-string cache-miss
655 silly fetch manifest @vue/compiler-core@3.5.30
656 silly packumentCache full:https://registry.npmmirror.com/@vue%2fcompiler-core cache-miss
657 silly fetch manifest @vue/compiler-ssr@3.5.30
658 silly packumentCache full:https://registry.npmmirror.com/@vue%2fcompiler-ssr cache-miss
659 silly fetch manifest csstype@^3.2.3
660 silly packumentCache full:https://registry.npmmirror.com/csstype cache-miss
661 silly fetch manifest @vue/reactivity@3.5.30
662 silly packumentCache full:https://registry.npmmirror.com/@vue%2freactivity cache-miss
663 silly fetch manifest @vue/runtime-core@3.5.30
664 silly packumentCache full:https://registry.npmmirror.com/@vue%2fruntime-core cache-miss
665 silly fetch manifest @vue/compiler-ssr@3.5.30
666 silly packumentCache full:https://registry.npmmirror.com/@vue%2fcompiler-ssr cache-miss
667 http fetch GET 200 https://registry.npmmirror.com/magic-string 43ms (cache miss)
668 silly packumentCache full:https://registry.npmmirror.com/magic-string set size:56351 disposed:false
669 http fetch GET 200 https://registry.npmmirror.com/@vue%2fruntime-core 43ms (cache miss)
670 silly packumentCache full:https://registry.npmmirror.com/@vue%2fruntime-core set size:113537 disposed:false
671 http fetch GET 200 https://registry.npmmirror.com/estree-walker 69ms (cache miss)
672 silly packumentCache full:https://registry.npmmirror.com/estree-walker set size:11874 disposed:false
673 http fetch GET 200 https://registry.npmmirror.com/@vue%2fcompiler-core 71ms (cache miss)
674 silly packumentCache full:https://registry.npmmirror.com/@vue%2fcompiler-core set size:114907 disposed:false
675 http fetch GET 200 https://registry.npmmirror.com/csstype 74ms (cache miss)
676 silly packumentCache full:https://registry.npmmirror.com/csstype set size:41498 disposed:false
677 http fetch GET 200 https://registry.npmmirror.com/@vue%2fcompiler-ssr 80ms (cache miss)
678 silly packumentCache full:https://registry.npmmirror.com/@vue%2fcompiler-ssr set size:109363 disposed:false
679 http fetch GET 200 https://registry.npmmirror.com/@vue%2freactivity 83ms (cache miss)
680 silly packumentCache full:https://registry.npmmirror.com/@vue%2freactivity set size:112386 disposed:false
681 http fetch GET 200 https://registry.npmmirror.com/@babel%2fparser 266ms (cache miss)
682 silly packumentCache full:https://registry.npmmirror.com/@babel%2fparser set size:106209 disposed:false
683 http fetch GET 200 https://registry.npmmirror.com/@vue%2fcompiler-ssr 475ms (cache miss)
684 silly packumentCache full:https://registry.npmmirror.com/@vue%2fcompiler-ssr set size:109363 disposed:false
685 silly packumentCache full:https://registry.npmmirror.com/@vue%2fcompiler-ssr dispose
686 http fetch GET 200 https://registry.npmmirror.com/@vue%2fcompiler-core 490ms (cache miss)
687 silly packumentCache full:https://registry.npmmirror.com/@vue%2fcompiler-core set size:114907 disposed:false
688 silly packumentCache full:https://registry.npmmirror.com/@vue%2fcompiler-core dispose
689 silly placeDep ROOT @vue/compiler-core@3.5.30 OK for: @vue/compiler-dom@3.5.30 want: 3.5.30
690 silly fetch manifest entities@^7.0.1
691 silly packumentCache full:https://registry.npmmirror.com/entities cache-miss
692 http fetch GET 200 https://registry.npmmirror.com/entities 171ms (cache miss)
693 silly packumentCache full:https://registry.npmmirror.com/entities set size:22701 disposed:false
694 silly placeDep ROOT @babel/parser@7.29.0 OK for: @vue/compiler-core@3.5.30 want: ^7.29.0
695 silly placeDep ROOT entities@7.0.1 OK for: @vue/compiler-core@3.5.30 want: ^7.0.1
696 silly placeDep ROOT estree-walker@2.0.2 OK for: @vue/compiler-core@3.5.30 want: ^2.0.2
697 silly fetch manifest @babel/types@^7.29.0
698 silly packumentCache full:https://registry.npmmirror.com/@babel%2ftypes cache-miss
699 http fetch GET 200 https://registry.npmmirror.com/@babel%2ftypes 45ms (cache miss)
700 silly packumentCache full:https://registry.npmmirror.com/@babel%2ftypes set size:80342 disposed:false
701 silly placeDep ROOT @babel/types@7.29.0 OK for: @babel/parser@7.29.0 want: ^7.29.0
702 silly fetch manifest @babel/helper-string-parser@^7.27.1
703 silly packumentCache full:https://registry.npmmirror.com/@babel%2fhelper-string-parser cache-miss
704 silly fetch manifest @babel/helper-validator-identifier@^7.28.5
705 silly packumentCache full:https://registry.npmmirror.com/@babel%2fhelper-validator-identifier cache-miss
706 http fetch GET 200 https://registry.npmmirror.com/@babel%2fhelper-string-parser 44ms (cache miss)
707 silly packumentCache full:https://registry.npmmirror.com/@babel%2fhelper-string-parser set size:19127 disposed:false
708 http fetch GET 200 https://registry.npmmirror.com/@babel%2fhelper-validator-identifier 59ms (cache miss)
709 silly packumentCache full:https://registry.npmmirror.com/@babel%2fhelper-validator-identifier set size:23113 disposed:false
710 silly placeDep ROOT @babel/helper-string-parser@7.27.1 OK for: @babel/types@7.29.0 want: ^7.27.1
711 silly placeDep ROOT @babel/helper-validator-identifier@7.28.5 OK for: @babel/types@7.29.0 want: ^7.28.5
712 silly placeDep ROOT @vue/compiler-ssr@3.5.30 OK for: @vue/compiler-sfc@3.5.30 want: 3.5.30
713 silly placeDep ROOT magic-string@0.30.21 OK for: @vue/compiler-sfc@3.5.30 want: ^0.30.21
714 silly fetch manifest @jridgewell/sourcemap-codec@^1.5.5
715 silly packumentCache full:https://registry.npmmirror.com/@jridgewell%2fsourcemap-codec cache-miss
716 http fetch GET 200 https://registry.npmmirror.com/@jridgewell%2fsourcemap-codec 53ms (cache miss)
717 silly packumentCache full:https://registry.npmmirror.com/@jridgewell%2fsourcemap-codec set size:14577 disposed:false
718 silly placeDep ROOT @vue/reactivity@3.5.30 OK for: @vue/runtime-dom@3.5.30 want: 3.5.30
719 silly placeDep ROOT @vue/runtime-core@3.5.30 OK for: @vue/runtime-dom@3.5.30 want: 3.5.30
720 silly placeDep ROOT csstype@3.2.3 OK for: @vue/runtime-dom@3.5.30 want: ^3.2.3
721 silly placeDep ROOT @jridgewell/sourcemap-codec@1.5.5 OK for: magic-string@0.30.21 want: ^1.5.5
722 silly reify moves {}
723 silly audit bulk request {
723 silly audit   '@element-plus/icons-vue': [ '2.3.2' ],
723 silly audit   vue: [ '3.5.30' ],
723 silly audit   '@vitejs/plugin-vue': [ '5.2.4' ],
723 silly audit   vite: [ '5.4.21' ],
723 silly audit   axios: [ '1.13.6' ],
723 silly audit   echarts: [ '5.6.0' ],
723 silly audit   'element-plus': [ '2.13.5' ],
723 silly audit   pinia: [ '2.3.1' ],
723 silly audit   'vue-router': [ '4.6.4' ],
723 silly audit   'follow-redirects': [ '1.15.11' ],
723 silly audit   'form-data': [ '4.0.5' ],
723 silly audit   'proxy-from-env': [ '1.1.0' ],
723 silly audit   tslib: [ '2.3.0' ],
723 silly audit   zrender: [ '5.6.1' ],
723 silly audit   '@ctrl/tinycolor': [ '4.2.0' ],
723 silly audit   '@floating-ui/dom': [ '1.7.6' ],
723 silly audit   '@sxzz/popperjs-es': [ '2.11.8' ],
723 silly audit   '@types/lodash': [ '4.17.24' ],
723 silly audit   '@types/lodash-es': [ '4.17.12' ],
723 silly audit   '@vueuse/core': [ '12.0.0' ],
723 silly audit   'async-validator': [ '4.2.5' ],
723 silly audit   dayjs: [ '1.11.20' ],
723 silly audit   lodash: [ '4.17.23' ],
723 silly audit   'lodash-es': [ '4.17.23' ],
723 silly audit   'lodash-unified': [ '1.0.3' ],
723 silly audit   'memoize-one': [ '6.0.0' ],
723 silly audit   'normalize-wheel-es': [ '1.2.0' ],
723 silly audit   '@floating-ui/core': [ '1.7.5' ],
723 silly audit   '@floating-ui/utils': [ '0.2.11' ],
723 silly audit   '@types/web-bluetooth': [ '0.0.20' ],
723 silly audit   '@vueuse/metadata': [ '12.0.0' ],
723 silly audit   '@vueuse/shared': [ '12.0.0' ],
723 silly audit   asynckit: [ '0.4.0' ],
723 silly audit   'combined-stream': [ '1.0.8' ],
723 silly audit   'es-set-tostringtag': [ '2.1.0' ],
723 silly audit   hasown: [ '2.0.2' ],
723 silly audit   'mime-types': [ '2.1.35' ],
723 silly audit   'delayed-stream': [ '1.0.0' ],
723 silly audit   'es-errors': [ '1.3.0' ],
723 silly audit   'get-intrinsic': [ '1.3.0' ],
723 silly audit   'has-tostringtag': [ '1.0.2' ],
723 silly audit   'call-bind-apply-helpers': [ '1.0.2' ],
723 silly audit   'es-define-property': [ '1.0.1' ],
723 silly audit   'es-object-atoms': [ '1.1.1' ],
723 silly audit   'function-bind': [ '1.1.2' ],
723 silly audit   'get-proto': [ '1.0.1' ],
723 silly audit   gopd: [ '1.2.0' ],
723 silly audit   'has-symbols': [ '1.1.0' ],
723 silly audit   'math-intrinsics': [ '1.1.0' ],
723 silly audit   'dunder-proto': [ '1.0.1' ],
723 silly audit   'mime-db': [ '1.52.0' ],
723 silly audit   '@vue/devtools-api': [ '6.6.4' ],
723 silly audit   'vue-demi': [ '0.14.10' ],
723 silly audit   esbuild: [ '0.21.5' ],
723 silly audit   fsevents: [ '2.3.3' ],
723 silly audit   postcss: [ '8.5.8' ],
723 silly audit   rollup: [ '4.59.0' ],
723 silly audit   '@esbuild/aix-ppc64': [ '0.21.5' ],
723 silly audit   '@esbuild/android-arm': [ '0.21.5' ],
723 silly audit   '@esbuild/android-arm64': [ '0.21.5' ],
723 silly audit   '@esbuild/android-x64': [ '0.21.5' ],
723 silly audit   '@esbuild/darwin-arm64': [ '0.21.5' ],
723 silly audit   '@esbuild/darwin-x64': [ '0.21.5' ],
723 silly audit   '@esbuild/freebsd-arm64': [ '0.21.5' ],
723 silly audit   '@esbuild/freebsd-x64': [ '0.21.5' ],
723 silly audit   '@esbuild/linux-arm': [ '0.21.5' ],
723 silly audit   '@esbuild/linux-arm64': [ '0.21.5' ],
723 silly audit   '@esbuild/linux-ia32': [ '0.21.5' ],
723 silly audit   '@esbuild/linux-loong64': [ '0.21.5' ],
723 silly audit   '@esbuild/linux-mips64el': [ '0.21.5' ],
723 silly audit   '@esbuild/linux-ppc64': [ '0.21.5' ],
723 silly audit   '@esbuild/linux-riscv64': [ '0.21.5' ],
723 silly audit   '@esbuild/linux-s390x': [ '0.21.5' ],
723 silly audit   '@esbuild/linux-x64': [ '0.21.5' ],
723 silly audit   '@esbuild/netbsd-x64': [ '0.21.5' ],
723 silly audit   '@esbuild/openbsd-x64': [ '0.21.5' ],
723 silly audit   '@esbuild/sunos-x64': [ '0.21.5' ],
723 silly audit   '@esbuild/win32-arm64': [ '0.21.5' ],
723 silly audit   '@esbuild/win32-ia32': [ '0.21.5' ],
723 silly audit   '@esbuild/win32-x64': [ '0.21.5' ],
723 silly audit   nanoid: [ '3.3.11' ],
723 silly audit   picocolors: [ '1.1.1' ],
723 silly audit   'source-map-js': [ '1.2.1' ],
723 silly audit   '@rollup/rollup-android-arm-eabi': [ '4.59.0' ],
723 silly audit   '@rollup/rollup-android-arm64': [ '4.59.0' ],
723 silly audit   '@rollup/rollup-darwin-arm64': [ '4.59.0' ],
723 silly audit   '@rollup/rollup-darwin-x64': [ '4.59.0' ],
723 silly audit   '@rollup/rollup-freebsd-arm64': [ '4.59.0' ],
723 silly audit   '@rollup/rollup-freebsd-x64': [ '4.59.0' ],
723 silly audit   '@rollup/rollup-linux-arm-gnueabihf': [ '4.59.0' ],
723 silly audit   '@rollup/rollup-linux-arm-musleabihf': [ '4.59.0' ],
723 silly audit   '@rollup/rollup-linux-arm64-gnu': [ '4.59.0' ],
723 silly audit   '@rollup/rollup-linux-arm64-musl': [ '4.59.0' ],
723 silly audit   '@rollup/rollup-linux-loong64-gnu': [ '4.59.0' ],
723 silly audit   '@rollup/rollup-linux-loong64-musl': [ '4.59.0' ],
723 silly audit   '@rollup/rollup-linux-ppc64-gnu': [ '4.59.0' ],
723 silly audit   '@rollup/rollup-linux-ppc64-musl': [ '4.59.0' ],
723 silly audit   '@rollup/rollup-linux-riscv64-gnu': [ '4.59.0' ],
723 silly audit   '@rollup/rollup-linux-riscv64-musl': [ '4.59.0' ],
723 silly audit   '@rollup/rollup-linux-s390x-gnu': [ '4.59.0' ],
723 silly audit   '@rollup/rollup-linux-x64-gnu': [ '4.59.0' ],
723 silly audit   '@rollup/rollup-linux-x64-musl': [ '4.59.0' ],
723 silly audit   '@rollup/rollup-openbsd-x64': [ '4.59.0' ],
723 silly audit   '@rollup/rollup-openharmony-arm64': [ '4.59.0' ],
723 silly audit   '@rollup/rollup-win32-arm64-msvc': [ '4.59.0' ],
723 silly audit   '@rollup/rollup-win32-ia32-msvc': [ '4.59.0' ],
723 silly audit   '@rollup/rollup-win32-x64-gnu': [ '4.59.0' ],
723 silly audit   '@rollup/rollup-win32-x64-msvc': [ '4.59.0' ],
723 silly audit   '@types/estree': [ '1.0.8' ],
723 silly audit   '@vue/compiler-dom': [ '3.5.30' ],
723 silly audit   '@vue/compiler-sfc': [ '3.5.30' ],
723 silly audit   '@vue/runtime-dom': [ '3.5.30' ],
723 silly audit   '@vue/server-renderer': [ '3.5.30' ],
723 silly audit   '@vue/shared': [ '3.5.30' ],
723 silly audit   '@vue/compiler-core': [ '3.5.30' ],
723 silly audit   '@babel/parser': [ '7.29.0' ],
723 silly audit   entities: [ '7.0.1' ],
723 silly audit   'estree-walker': [ '2.0.2' ],
723 silly audit   '@babel/types': [ '7.29.0' ],
723 silly audit   '@babel/helper-string-parser': [ '7.27.1' ],
723 silly audit   '@babel/helper-validator-identifier': [ '7.28.5' ],
723 silly audit   '@vue/compiler-ssr': [ '3.5.30' ],
723 silly audit   'magic-string': [ '0.30.21' ],
723 silly audit   '@vue/reactivity': [ '3.5.30' ],
723 silly audit   '@vue/runtime-core': [ '3.5.30' ],
723 silly audit   csstype: [ '3.2.3' ],
723 silly audit   '@jridgewell/sourcemap-codec': [ '1.5.5' ]
723 silly audit }
724 http fetch POST 404 https://registry.npmmirror.com/-/npm/v1/security/advisories/bulk 19ms
725 verbose audit error HttpErrorGeneral: 404 Not Found - POST https://registry.npmmirror.com/-/npm/v1/security/advisories/bulk - [NOT_IMPLEMENTED] /-/npm/v1/security/* not implemented yet
725 verbose audit error     at C:\Users\Asus\AppData\Local\nvm\v24.12.0\node_modules\npm\node_modules\npm-registry-fetch\lib\check-response.js:103:15
725 verbose audit error     at process.processTicksAndRejections (node:internal/process/task_queues:103:5)
725 verbose audit error     at async #getReport (C:\Users\Asus\AppData\Local\nvm\v24.12.0\node_modules\npm\node_modules\@npmcli\arborist\lib\audit-report.js:275:19)
725 verbose audit error     at async AuditReport.run (C:\Users\Asus\AppData\Local\nvm\v24.12.0\node_modules\npm\node_modules\@npmcli\arborist\lib\audit-report.js:100:19) {
725 verbose audit error   headers: [Object: null prototype] {
725 verbose audit error     server: [ 'Tengine' ],
725 verbose audit error     date: [ 'Mon, 16 Mar 2026 12:19:39 GMT' ],
725 verbose audit error     'content-type': [ 'application/json' ],
725 verbose audit error     'transfer-encoding': [ 'chunked' ],
725 verbose audit error     connection: [ 'keep-alive' ],
725 verbose audit error     'strict-transport-security': [ 'max-age=5184000' ],
725 verbose audit error     via: [ 'kunlun10.cn6691[,404666]' ],
725 verbose audit error     'timing-allow-origin': [ '*' ],
725 verbose audit error     eagleid: [ '0152e81e17736635793365515e' ],
725 verbose audit error     'x-fetch-attempts': [ '1' ]
725 verbose audit error   },
725 verbose audit error   statusCode: 404,
725 verbose audit error   code: 'E404',
725 verbose audit error   method: 'POST',
725 verbose audit error   uri: 'https://registry.npmmirror.com/-/npm/v1/security/advisories/bulk',
725 verbose audit error   body: {
725 verbose audit error     error: '[NOT_IMPLEMENTED] /-/npm/v1/security/* not implemented yet'
725 verbose audit error   },
725 verbose audit error   pkgid: undefined
725 verbose audit error }
726 silly audit error [object Object]
727 silly audit report null
728 http cache @jridgewell/sourcemap-codec@https://registry.npmmirror.com/@jridgewell/sourcemap-codec/-/sourcemap-codec-1.5.5.tgz 0ms (cache hit)
729 http cache @vue/reactivity@https://registry.npmmirror.com/@vue/reactivity/-/reactivity-3.5.30.tgz 0ms (cache hit)
730 http cache @vue/runtime-core@https://registry.npmmirror.com/@vue/runtime-core/-/runtime-core-3.5.30.tgz 0ms (cache hit)
731 http cache @vue/compiler-ssr@https://registry.npmmirror.com/@vue/compiler-ssr/-/compiler-ssr-3.5.30.tgz 0ms (cache hit)
732 http cache @babel/helper-validator-identifier@https://registry.npmmirror.com/@babel/helper-validator-identifier/-/helper-validator-identifier-7.28.5.tgz 0ms (cache hit)
733 http cache csstype@https://registry.npmmirror.com/csstype/-/csstype-3.2.3.tgz 0ms (cache hit)
734 http cache magic-string@https://registry.npmmirror.com/magic-string/-/magic-string-0.30.21.tgz 0ms (cache hit)
735 http cache entities@https://registry.npmmirror.com/entities/-/entities-7.0.1.tgz 0ms (cache hit)
736 http cache @babel/types@https://registry.npmmirror.com/@babel/types/-/types-7.29.0.tgz 0ms (cache hit)
737 http cache estree-walker@https://registry.npmmirror.com/estree-walker/-/estree-walker-2.0.2.tgz 0ms (cache hit)
738 http cache @babel/helper-string-parser@https://registry.npmmirror.com/@babel/helper-string-parser/-/helper-string-parser-7.27.1.tgz 0ms (cache hit)
739 http cache @babel/parser@https://registry.npmmirror.com/@babel/parser/-/parser-7.29.0.tgz 0ms (cache hit)
740 http cache @vue/server-renderer@https://registry.npmmirror.com/@vue/server-renderer/-/server-renderer-3.5.30.tgz 0ms (cache hit)
741 http cache @vue/shared@https://registry.npmmirror.com/@vue/shared/-/shared-3.5.30.tgz 0ms (cache hit)
742 http cache @vue/compiler-core@https://registry.npmmirror.com/@vue/compiler-core/-/compiler-core-3.5.30.tgz 0ms (cache hit)
743 http cache @types/estree@https://registry.npmmirror.com/@types/estree/-/estree-1.0.8.tgz 0ms (cache hit)
744 http cache @vue/runtime-dom@https://registry.npmmirror.com/@vue/runtime-dom/-/runtime-dom-3.5.30.tgz 0ms (cache hit)
745 http cache @vue/compiler-sfc@https://registry.npmmirror.com/@vue/compiler-sfc/-/compiler-sfc-3.5.30.tgz 0ms (cache hit)
746 http cache @vue/compiler-dom@https://registry.npmmirror.com/@vue/compiler-dom/-/compiler-dom-3.5.30.tgz 0ms (cache hit)
747 http cache @rollup/rollup-win32-x64-gnu@https://registry.npmmirror.com/@rollup/rollup-win32-x64-gnu/-/rollup-win32-x64-gnu-4.59.0.tgz 0ms (cache hit)
748 http cache source-map-js@https://registry.npmmirror.com/source-map-js/-/source-map-js-1.2.1.tgz 0ms (cache hit)
749 http cache @rollup/rollup-win32-x64-msvc@https://registry.npmmirror.com/@rollup/rollup-win32-x64-msvc/-/rollup-win32-x64-msvc-4.59.0.tgz 0ms (cache hit)
750 http cache @esbuild/win32-x64@https://registry.npmmirror.com/@esbuild/win32-x64/-/win32-x64-0.21.5.tgz 0ms (cache hit)
751 http cache nanoid@https://registry.npmmirror.com/nanoid/-/nanoid-3.3.11.tgz 0ms (cache hit)
752 http cache rollup@https://registry.npmmirror.com/rollup/-/rollup-4.59.0.tgz 0ms (cache hit)
753 http cache picocolors@https://registry.npmmirror.com/picocolors/-/picocolors-1.1.1.tgz 0ms (cache hit)
754 http cache @vue/devtools-api@https://registry.npmmirror.com/@vue/devtools-api/-/devtools-api-6.6.4.tgz 0ms (cache hit)
755 http cache esbuild@https://registry.npmmirror.com/esbuild/-/esbuild-0.21.5.tgz 0ms (cache hit)
756 http cache postcss@https://registry.npmmirror.com/postcss/-/postcss-8.5.8.tgz 0ms (cache hit)
757 http cache vue-demi@https://registry.npmmirror.com/vue-demi/-/vue-demi-0.14.10.tgz 0ms (cache hit)
758 http cache mime-db@https://registry.npmmirror.com/mime-db/-/mime-db-1.52.0.tgz 0ms (cache hit)
759 http cache dunder-proto@https://registry.npmmirror.com/dunder-proto/-/dunder-proto-1.0.1.tgz 0ms (cache hit)
760 http cache has-symbols@https://registry.npmmirror.com/has-symbols/-/has-symbols-1.1.0.tgz 0ms (cache hit)
761 http cache math-intrinsics@https://registry.npmmirror.com/math-intrinsics/-/math-intrinsics-1.1.0.tgz 0ms (cache hit)
762 http cache gopd@https://registry.npmmirror.com/gopd/-/gopd-1.2.0.tgz 0ms (cache hit)
763 http cache function-bind@https://registry.npmmirror.com/function-bind/-/function-bind-1.1.2.tgz 0ms (cache hit)
764 http cache es-object-atoms@https://registry.npmmirror.com/es-object-atoms/-/es-object-atoms-1.1.1.tgz 0ms (cache hit)
765 http cache es-define-property@https://registry.npmmirror.com/es-define-property/-/es-define-property-1.0.1.tgz 0ms (cache hit)
766 http cache get-proto@https://registry.npmmirror.com/get-proto/-/get-proto-1.0.1.tgz 0ms (cache hit)
767 http cache call-bind-apply-helpers@https://registry.npmmirror.com/call-bind-apply-helpers/-/call-bind-apply-helpers-1.0.2.tgz 0ms (cache hit)
768 http cache get-intrinsic@https://registry.npmmirror.com/get-intrinsic/-/get-intrinsic-1.3.0.tgz 0ms (cache hit)
769 http cache has-tostringtag@https://registry.npmmirror.com/has-tostringtag/-/has-tostringtag-1.0.2.tgz 0ms (cache hit)
770 http cache delayed-stream@https://registry.npmmirror.com/delayed-stream/-/delayed-stream-1.0.0.tgz 0ms (cache hit)
771 http cache @floating-ui/utils@https://registry.npmmirror.com/@floating-ui/utils/-/utils-0.2.11.tgz 0ms (cache hit)
772 http cache es-errors@https://registry.npmmirror.com/es-errors/-/es-errors-1.3.0.tgz 0ms (cache hit)
773 http cache mime-types@https://registry.npmmirror.com/mime-types/-/mime-types-2.1.35.tgz 0ms (cache hit)
774 http cache es-set-tostringtag@https://registry.npmmirror.com/es-set-tostringtag/-/es-set-tostringtag-2.1.0.tgz 0ms (cache hit)
775 http cache combined-stream@https://registry.npmmirror.com/combined-stream/-/combined-stream-1.0.8.tgz 0ms (cache hit)
776 http cache @vueuse/shared@https://registry.npmmirror.com/@vueuse/shared/-/shared-12.0.0.tgz 0ms (cache hit)
777 http cache @types/web-bluetooth@https://registry.npmmirror.com/@types/web-bluetooth/-/web-bluetooth-0.0.20.tgz 0ms (cache hit)
778 http cache hasown@https://registry.npmmirror.com/hasown/-/hasown-2.0.2.tgz 0ms (cache hit)
779 http cache asynckit@https://registry.npmmirror.com/asynckit/-/asynckit-0.4.0.tgz 0ms (cache hit)
780 http cache @vueuse/metadata@https://registry.npmmirror.com/@vueuse/metadata/-/metadata-12.0.0.tgz 0ms (cache hit)
781 http cache @floating-ui/core@https://registry.npmmirror.com/@floating-ui/core/-/core-1.7.5.tgz 0ms (cache hit)
782 http cache @vueuse/core@https://registry.npmmirror.com/@vueuse/core/-/core-12.0.0.tgz 0ms (cache hit)
783 http cache normalize-wheel-es@https://registry.npmmirror.com/normalize-wheel-es/-/normalize-wheel-es-1.2.0.tgz 0ms (cache hit)
784 http cache lodash-unified@https://registry.npmmirror.com/lodash-unified/-/lodash-unified-1.0.3.tgz 0ms (cache hit)
785 http cache @floating-ui/dom@https://registry.npmmirror.com/@floating-ui/dom/-/dom-1.7.6.tgz 0ms (cache hit)
786 http cache lodash@https://registry.npmmirror.com/lodash/-/lodash-4.17.23.tgz 0ms (cache hit)
787 http cache dayjs@https://registry.npmmirror.com/dayjs/-/dayjs-1.11.20.tgz 0ms (cache hit)
788 http cache memoize-one@https://registry.npmmirror.com/memoize-one/-/memoize-one-6.0.0.tgz 0ms (cache hit)
789 http cache lodash-es@https://registry.npmmirror.com/lodash-es/-/lodash-es-4.17.23.tgz 0ms (cache hit)
790 http cache async-validator@https://registry.npmmirror.com/async-validator/-/async-validator-4.2.5.tgz 0ms (cache hit)
791 http cache @types/lodash-es@https://registry.npmmirror.com/@types/lodash-es/-/lodash-es-4.17.12.tgz 0ms (cache hit)
792 http cache @popperjs/core@https://registry.npmmirror.com/@sxzz/popperjs-es/-/popperjs-es-2.11.8.tgz 0ms (cache hit)
793 http cache @types/lodash@https://registry.npmmirror.com/@types/lodash/-/lodash-4.17.24.tgz 0ms (cache hit)
794 http cache @ctrl/tinycolor@https://registry.npmmirror.com/@ctrl/tinycolor/-/tinycolor-4.2.0.tgz 0ms (cache hit)
795 http cache tslib@https://registry.npmmirror.com/tslib/-/tslib-2.3.0.tgz 0ms (cache hit)
796 http cache zrender@https://registry.npmmirror.com/zrender/-/zrender-5.6.1.tgz 0ms (cache hit)
797 http cache proxy-from-env@https://registry.npmmirror.com/proxy-from-env/-/proxy-from-env-1.1.0.tgz 0ms (cache hit)
798 http cache form-data@https://registry.npmmirror.com/form-data/-/form-data-4.0.5.tgz 0ms (cache hit)
799 http cache follow-redirects@https://registry.npmmirror.com/follow-redirects/-/follow-redirects-1.15.11.tgz 0ms (cache hit)
800 http cache element-plus@https://registry.npmmirror.com/element-plus/-/element-plus-2.13.5.tgz 0ms (cache hit)
801 http cache @vitejs/plugin-vue@https://registry.npmmirror.com/@vitejs/plugin-vue/-/plugin-vue-5.2.4.tgz 0ms (cache hit)
802 http cache pinia@https://registry.npmmirror.com/pinia/-/pinia-2.3.1.tgz 0ms (cache hit)
803 http cache echarts@https://registry.npmmirror.com/echarts/-/echarts-5.6.0.tgz 0ms (cache hit)
804 http cache vue-router@https://registry.npmmirror.com/vue-router/-/vue-router-4.6.4.tgz 0ms (cache hit)
805 http cache axios@https://registry.npmmirror.com/axios/-/axios-1.13.6.tgz 0ms (cache hit)
806 http cache @element-plus/icons-vue@https://registry.npmmirror.com/@element-plus/icons-vue/-/icons-vue-2.3.2.tgz 1ms (cache hit)
807 silly tarball no local data for @jridgewell/sourcemap-codec@https://registry.npmmirror.com/@jridgewell/sourcemap-codec/-/sourcemap-codec-1.5.5.tgz. Extracting by manifest.
808 http cache vue@https://registry.npmmirror.com/vue/-/vue-3.5.30.tgz 0ms (cache hit)
809 silly tarball no local data for @vue/reactivity@https://registry.npmmirror.com/@vue/reactivity/-/reactivity-3.5.30.tgz. Extracting by manifest.
810 http cache vite@https://registry.npmmirror.com/vite/-/vite-5.4.21.tgz 0ms (cache hit)
811 silly tarball no local data for @vue/runtime-core@https://registry.npmmirror.com/@vue/runtime-core/-/runtime-core-3.5.30.tgz. Extracting by manifest.
812 silly tarball no local data for @vue/compiler-ssr@https://registry.npmmirror.com/@vue/compiler-ssr/-/compiler-ssr-3.5.30.tgz. Extracting by manifest.
813 silly tarball no local data for @babel/helper-validator-identifier@https://registry.npmmirror.com/@babel/helper-validator-identifier/-/helper-validator-identifier-7.28.5.tgz. Extracting by manifest.
814 silly tarball no local data for csstype@https://registry.npmmirror.com/csstype/-/csstype-3.2.3.tgz. Extracting by manifest.
815 silly tarball no local data for magic-string@https://registry.npmmirror.com/magic-string/-/magic-string-0.30.21.tgz. Extracting by manifest.
816 silly tarball no local data for entities@https://registry.npmmirror.com/entities/-/entities-7.0.1.tgz. Extracting by manifest.
817 silly tarball no local data for @babel/types@https://registry.npmmirror.com/@babel/types/-/types-7.29.0.tgz. Extracting by manifest.
818 silly tarball no local data for estree-walker@https://registry.npmmirror.com/estree-walker/-/estree-walker-2.0.2.tgz. Extracting by manifest.
819 silly tarball no local data for @babel/helper-string-parser@https://registry.npmmirror.com/@babel/helper-string-parser/-/helper-string-parser-7.27.1.tgz. Extracting by manifest.
820 silly tarball no local data for @babel/parser@https://registry.npmmirror.com/@babel/parser/-/parser-7.29.0.tgz. Extracting by manifest.
821 silly tarball no local data for @vue/server-renderer@https://registry.npmmirror.com/@vue/server-renderer/-/server-renderer-3.5.30.tgz. Extracting by manifest.
822 silly tarball no local data for @vue/shared@https://registry.npmmirror.com/@vue/shared/-/shared-3.5.30.tgz. Extracting by manifest.
823 silly tarball no local data for @vue/compiler-core@https://registry.npmmirror.com/@vue/compiler-core/-/compiler-core-3.5.30.tgz. Extracting by manifest.
824 silly tarball no local data for @types/estree@https://registry.npmmirror.com/@types/estree/-/estree-1.0.8.tgz. Extracting by manifest.
825 silly tarball no local data for @vue/runtime-dom@https://registry.npmmirror.com/@vue/runtime-dom/-/runtime-dom-3.5.30.tgz. Extracting by manifest.
826 silly tarball no local data for @vue/compiler-sfc@https://registry.npmmirror.com/@vue/compiler-sfc/-/compiler-sfc-3.5.30.tgz. Extracting by manifest.
827 silly tarball no local data for @vue/compiler-dom@https://registry.npmmirror.com/@vue/compiler-dom/-/compiler-dom-3.5.30.tgz. Extracting by manifest.
828 silly tarball no local data for @rollup/rollup-win32-x64-gnu@https://registry.npmmirror.com/@rollup/rollup-win32-x64-gnu/-/rollup-win32-x64-gnu-4.59.0.tgz. Extracting by manifest.
829 silly tarball no local data for source-map-js@https://registry.npmmirror.com/source-map-js/-/source-map-js-1.2.1.tgz. Extracting by manifest.
830 silly tarball no local data for @rollup/rollup-win32-x64-msvc@https://registry.npmmirror.com/@rollup/rollup-win32-x64-msvc/-/rollup-win32-x64-msvc-4.59.0.tgz. Extracting by manifest.
831 silly tarball no local data for @esbuild/win32-x64@https://registry.npmmirror.com/@esbuild/win32-x64/-/win32-x64-0.21.5.tgz. Extracting by manifest.
832 silly tarball no local data for nanoid@https://registry.npmmirror.com/nanoid/-/nanoid-3.3.11.tgz. Extracting by manifest.
833 silly tarball no local data for rollup@https://registry.npmmirror.com/rollup/-/rollup-4.59.0.tgz. Extracting by manifest.
834 silly tarball no local data for picocolors@https://registry.npmmirror.com/picocolors/-/picocolors-1.1.1.tgz. Extracting by manifest.
835 silly tarball no local data for @vue/devtools-api@https://registry.npmmirror.com/@vue/devtools-api/-/devtools-api-6.6.4.tgz. Extracting by manifest.
836 silly tarball no local data for esbuild@https://registry.npmmirror.com/esbuild/-/esbuild-0.21.5.tgz. Extracting by manifest.
837 silly tarball no local data for postcss@https://registry.npmmirror.com/postcss/-/postcss-8.5.8.tgz. Extracting by manifest.
838 silly tarball no local data for vue-demi@https://registry.npmmirror.com/vue-demi/-/vue-demi-0.14.10.tgz. Extracting by manifest.
839 silly tarball no local data for mime-db@https://registry.npmmirror.com/mime-db/-/mime-db-1.52.0.tgz. Extracting by manifest.
840 silly tarball no local data for dunder-proto@https://registry.npmmirror.com/dunder-proto/-/dunder-proto-1.0.1.tgz. Extracting by manifest.
841 silly tarball no local data for has-symbols@https://registry.npmmirror.com/has-symbols/-/has-symbols-1.1.0.tgz. Extracting by manifest.
842 silly tarball no local data for math-intrinsics@https://registry.npmmirror.com/math-intrinsics/-/math-intrinsics-1.1.0.tgz. Extracting by manifest.
843 silly tarball no local data for gopd@https://registry.npmmirror.com/gopd/-/gopd-1.2.0.tgz. Extracting by manifest.
844 silly tarball no local data for function-bind@https://registry.npmmirror.com/function-bind/-/function-bind-1.1.2.tgz. Extracting by manifest.
845 silly tarball no local data for es-object-atoms@https://registry.npmmirror.com/es-object-atoms/-/es-object-atoms-1.1.1.tgz. Extracting by manifest.
846 silly tarball no local data for es-define-property@https://registry.npmmirror.com/es-define-property/-/es-define-property-1.0.1.tgz. Extracting by manifest.
847 silly tarball no local data for get-proto@https://registry.npmmirror.com/get-proto/-/get-proto-1.0.1.tgz. Extracting by manifest.
848 silly tarball no local data for call-bind-apply-helpers@https://registry.npmmirror.com/call-bind-apply-helpers/-/call-bind-apply-helpers-1.0.2.tgz. Extracting by manifest.
849 silly tarball no local data for get-intrinsic@https://registry.npmmirror.com/get-intrinsic/-/get-intrinsic-1.3.0.tgz. Extracting by manifest.
850 silly tarball no local data for has-tostringtag@https://registry.npmmirror.com/has-tostringtag/-/has-tostringtag-1.0.2.tgz. Extracting by manifest.
851 silly tarball no local data for delayed-stream@https://registry.npmmirror.com/delayed-stream/-/delayed-stream-1.0.0.tgz. Extracting by manifest.
852 silly tarball no local data for @floating-ui/utils@https://registry.npmmirror.com/@floating-ui/utils/-/utils-0.2.11.tgz. Extracting by manifest.
853 silly tarball no local data for es-errors@https://registry.npmmirror.com/es-errors/-/es-errors-1.3.0.tgz. Extracting by manifest.
854 silly tarball no local data for mime-types@https://registry.npmmirror.com/mime-types/-/mime-types-2.1.35.tgz. Extracting by manifest.
855 silly tarball no local data for es-set-tostringtag@https://registry.npmmirror.com/es-set-tostringtag/-/es-set-tostringtag-2.1.0.tgz. Extracting by manifest.
856 silly tarball no local data for combined-stream@https://registry.npmmirror.com/combined-stream/-/combined-stream-1.0.8.tgz. Extracting by manifest.
857 silly tarball no local data for @vueuse/shared@https://registry.npmmirror.com/@vueuse/shared/-/shared-12.0.0.tgz. Extracting by manifest.
858 silly tarball no local data for @types/web-bluetooth@https://registry.npmmirror.com/@types/web-bluetooth/-/web-bluetooth-0.0.20.tgz. Extracting by manifest.
859 silly tarball no local data for hasown@https://registry.npmmirror.com/hasown/-/hasown-2.0.2.tgz. Extracting by manifest.
860 silly tarball no local data for asynckit@https://registry.npmmirror.com/asynckit/-/asynckit-0.4.0.tgz. Extracting by manifest.
861 silly tarball no local data for @vueuse/metadata@https://registry.npmmirror.com/@vueuse/metadata/-/metadata-12.0.0.tgz. Extracting by manifest.
862 silly tarball no local data for @floating-ui/core@https://registry.npmmirror.com/@floating-ui/core/-/core-1.7.5.tgz. Extracting by manifest.
863 silly tarball no local data for @vueuse/core@https://registry.npmmirror.com/@vueuse/core/-/core-12.0.0.tgz. Extracting by manifest.
864 silly tarball no local data for normalize-wheel-es@https://registry.npmmirror.com/normalize-wheel-es/-/normalize-wheel-es-1.2.0.tgz. Extracting by manifest.
865 silly tarball no local data for lodash-unified@https://registry.npmmirror.com/lodash-unified/-/lodash-unified-1.0.3.tgz. Extracting by manifest.
866 silly tarball no local data for @floating-ui/dom@https://registry.npmmirror.com/@floating-ui/dom/-/dom-1.7.6.tgz. Extracting by manifest.
867 silly tarball no local data for lodash@https://registry.npmmirror.com/lodash/-/lodash-4.17.23.tgz. Extracting by manifest.
868 silly tarball no local data for dayjs@https://registry.npmmirror.com/dayjs/-/dayjs-1.11.20.tgz. Extracting by manifest.
869 silly tarball no local data for memoize-one@https://registry.npmmirror.com/memoize-one/-/memoize-one-6.0.0.tgz. Extracting by manifest.
870 silly tarball no local data for lodash-es@https://registry.npmmirror.com/lodash-es/-/lodash-es-4.17.23.tgz. Extracting by manifest.
871 silly tarball no local data for async-validator@https://registry.npmmirror.com/async-validator/-/async-validator-4.2.5.tgz. Extracting by manifest.
872 silly tarball no local data for @types/lodash-es@https://registry.npmmirror.com/@types/lodash-es/-/lodash-es-4.17.12.tgz. Extracting by manifest.
873 silly tarball no local data for @popperjs/core@https://registry.npmmirror.com/@sxzz/popperjs-es/-/popperjs-es-2.11.8.tgz. Extracting by manifest.
874 silly tarball no local data for @types/lodash@https://registry.npmmirror.com/@types/lodash/-/lodash-4.17.24.tgz. Extracting by manifest.
875 silly tarball no local data for @ctrl/tinycolor@https://registry.npmmirror.com/@ctrl/tinycolor/-/tinycolor-4.2.0.tgz. Extracting by manifest.
876 silly tarball no local data for tslib@https://registry.npmmirror.com/tslib/-/tslib-2.3.0.tgz. Extracting by manifest.
877 silly tarball no local data for zrender@https://registry.npmmirror.com/zrender/-/zrender-5.6.1.tgz. Extracting by manifest.
878 silly tarball no local data for proxy-from-env@https://registry.npmmirror.com/proxy-from-env/-/proxy-from-env-1.1.0.tgz. Extracting by manifest.
879 silly tarball no local data for form-data@https://registry.npmmirror.com/form-data/-/form-data-4.0.5.tgz. Extracting by manifest.
880 silly tarball no local data for follow-redirects@https://registry.npmmirror.com/follow-redirects/-/follow-redirects-1.15.11.tgz. Extracting by manifest.
881 silly tarball no local data for element-plus@https://registry.npmmirror.com/element-plus/-/element-plus-2.13.5.tgz. Extracting by manifest.
882 silly tarball no local data for @vitejs/plugin-vue@https://registry.npmmirror.com/@vitejs/plugin-vue/-/plugin-vue-5.2.4.tgz. Extracting by manifest.
883 silly tarball no local data for pinia@https://registry.npmmirror.com/pinia/-/pinia-2.3.1.tgz. Extracting by manifest.
884 silly tarball no local data for echarts@https://registry.npmmirror.com/echarts/-/echarts-5.6.0.tgz. Extracting by manifest.
885 silly tarball no local data for vue-router@https://registry.npmmirror.com/vue-router/-/vue-router-4.6.4.tgz. Extracting by manifest.
886 silly tarball no local data for axios@https://registry.npmmirror.com/axios/-/axios-1.13.6.tgz. Extracting by manifest.
887 silly tarball no local data for @element-plus/icons-vue@https://registry.npmmirror.com/@element-plus/icons-vue/-/icons-vue-2.3.2.tgz. Extracting by manifest.
888 silly tarball no local data for vue@https://registry.npmmirror.com/vue/-/vue-3.5.30.tgz. Extracting by manifest.
889 silly tarball no local data for vite@https://registry.npmmirror.com/vite/-/vite-5.4.21.tgz. Extracting by manifest.
890 http fetch GET 200 https://cdn.npmmirror.com/packages/%40vue/compiler-ssr/3.5.30/compiler-ssr-3.5.30.tgz 452ms (cache miss)
891 http fetch GET 200 https://cdn.npmmirror.com/packages/%40babel/helper-string-parser/7.27.1/helper-string-parser-7.27.1.tgz 482ms (cache miss)
892 http fetch GET 200 https://cdn.npmmirror.com/packages/%40vue/shared/3.5.30/shared-3.5.30.tgz 502ms (cache miss)
893 http fetch GET 200 https://cdn.npmmirror.com/packages/%40types/estree/1.0.8/estree-1.0.8.tgz 564ms (cache miss)
894 http fetch GET 200 https://cdn.npmmirror.com/packages/math-intrinsics/1.1.0/math-intrinsics-1.1.0.tgz 639ms (cache miss)
895 http fetch GET 200 https://cdn.npmmirror.com/packages/dunder-proto/1.0.1/dunder-proto-1.0.1.tgz 672ms (cache miss)
896 http fetch GET 200 https://cdn.npmmirror.com/packages/get-proto/1.0.1/get-proto-1.0.1.tgz 701ms (cache miss)
897 http fetch GET 200 https://cdn.npmmirror.com/packages/call-bind-apply-helpers/1.0.2/call-bind-apply-helpers-1.0.2.tgz 722ms (cache miss)
898 http fetch GET 200 https://cdn.npmmirror.com/packages/es-set-tostringtag/2.1.0/es-set-tostringtag-2.1.0.tgz 724ms (cache miss)
899 http fetch GET 200 https://cdn.npmmirror.com/packages/mime-types/2.1.35/mime-types-2.1.35.tgz 726ms (cache miss)
900 http fetch GET 200 https://cdn.npmmirror.com/packages/combined-stream/1.0.8/combined-stream-1.0.8.tgz 743ms (cache miss)
901 http fetch GET 200 https://cdn.npmmirror.com/packages/%40types/web-bluetooth/0.0.20/web-bluetooth-0.0.20.tgz 743ms (cache miss)
902 http fetch GET 200 https://cdn.npmmirror.com/packages/delayed-stream/1.0.0/delayed-stream-1.0.0.tgz 771ms (cache miss)
903 http fetch GET 200 https://cdn.npmmirror.com/packages/lodash-unified/1.0.3/lodash-unified-1.0.3.tgz 764ms (cache miss)
904 http fetch GET 200 https://cdn.npmmirror.com/packages/hasown/2.0.2/hasown-2.0.2.tgz 769ms (cache miss)
905 http fetch GET 200 https://cdn.npmmirror.com/packages/%40babel/helper-validator-identifier/7.28.5/helper-validator-identifier-7.28.5.tgz 800ms (cache miss)
906 http fetch GET 200 https://cdn.npmmirror.com/packages/esbuild/0.21.5/esbuild-0.21.5.tgz 794ms (cache miss)
907 http fetch GET 200 https://cdn.npmmirror.com/packages/picocolors/1.1.1/picocolors-1.1.1.tgz 795ms (cache miss)
908 http fetch GET 200 https://cdn.npmmirror.com/packages/tslib/2.3.0/tslib-2.3.0.tgz 787ms (cache miss)
909 http fetch GET 200 https://cdn.npmmirror.com/packages/has-tostringtag/1.0.2/has-tostringtag-1.0.2.tgz 805ms (cache miss)
910 http fetch GET 200 https://cdn.npmmirror.com/packages/mime-db/1.52.0/mime-db-1.52.0.tgz 824ms (cache miss)
911 http fetch GET 200 https://cdn.npmmirror.com/packages/get-intrinsic/1.3.0/get-intrinsic-1.3.0.tgz 835ms (cache miss)
912 http fetch GET 200 https://cdn.npmmirror.com/packages/follow-redirects/1.15.11/follow-redirects-1.15.11.tgz 836ms (cache miss)
913 http fetch GET 200 https://cdn.npmmirror.com/packages/es-define-property/1.0.1/es-define-property-1.0.1.tgz 867ms (cache miss)
914 http fetch GET 200 https://cdn.npmmirror.com/packages/gopd/1.2.0/gopd-1.2.0.tgz 888ms (cache miss)
915 http fetch GET 200 https://cdn.npmmirror.com/packages/%40vueuse/metadata/12.0.0/metadata-12.0.0.tgz 893ms (cache miss)
916 http fetch GET 200 https://cdn.npmmirror.com/packages/form-data/4.0.5/form-data-4.0.5.tgz 887ms (cache miss)
917 http fetch GET 200 https://cdn.npmmirror.com/packages/proxy-from-env/1.1.0/proxy-from-env-1.1.0.tgz 889ms (cache miss)
918 http fetch GET 200 https://cdn.npmmirror.com/packages/function-bind/1.1.2/function-bind-1.1.2.tgz 928ms (cache miss)
919 http fetch GET 200 https://cdn.npmmirror.com/packages/%40vue/server-renderer/3.5.30/server-renderer-3.5.30.tgz 959ms (cache miss)
920 http fetch GET 200 https://cdn.npmmirror.com/packages/%40vueuse/shared/12.0.0/shared-12.0.0.tgz 941ms (cache miss)
921 http fetch GET 200 https://cdn.npmmirror.com/packages/es-object-atoms/1.1.1/es-object-atoms-1.1.1.tgz 955ms (cache miss)
922 http fetch GET 200 https://cdn.npmmirror.com/packages/normalize-wheel-es/1.2.0/normalize-wheel-es-1.2.0.tgz 946ms (cache miss)
923 http fetch GET 200 https://cdn.npmmirror.com/packages/%40vue/reactivity/3.5.30/reactivity-3.5.30.tgz 983ms (cache miss)
924 http fetch GET 200 https://cdn.npmmirror.com/packages/%40vitejs/plugin-vue/5.2.4/plugin-vue-5.2.4.tgz 951ms (cache miss)
925 http fetch GET 200 https://cdn.npmmirror.com/packages/magic-string/0.30.21/magic-string-0.30.21.tgz 990ms (cache miss)
926 http fetch GET 200 https://cdn.npmmirror.com/packages/%40vue/compiler-core/3.5.30/compiler-core-3.5.30.tgz 1002ms (cache miss)
927 http fetch GET 200 https://cdn.npmmirror.com/packages/csstype/3.2.3/csstype-3.2.3.tgz 1011ms (cache miss)
928 http fetch GET 200 https://cdn.npmmirror.com/packages/%40floating-ui/dom/1.7.6/dom-1.7.6.tgz 985ms (cache miss)
929 http fetch GET 200 https://cdn.npmmirror.com/packages/estree-walker/2.0.2/estree-walker-2.0.2.tgz 1013ms (cache miss)
930 http fetch GET 200 https://cdn.npmmirror.com/packages/%40floating-ui/core/1.7.5/core-1.7.5.tgz 990ms (cache miss)
931 http fetch GET 200 https://cdn.npmmirror.com/packages/%40vue/runtime-core/3.5.30/runtime-core-3.5.30.tgz 1026ms (cache miss)
932 http fetch GET 200 https://cdn.npmmirror.com/packages/has-symbols/1.1.0/has-symbols-1.1.0.tgz 1017ms (cache miss)
933 http fetch GET 200 https://cdn.npmmirror.com/packages/%40vue/compiler-dom/3.5.30/compiler-dom-3.5.30.tgz 1034ms (cache miss)
934 http fetch GET 200 https://cdn.npmmirror.com/packages/memoize-one/6.0.0/memoize-one-6.0.0.tgz 1014ms (cache miss)
935 http fetch GET 200 https://cdn.npmmirror.com/packages/es-errors/1.3.0/es-errors-1.3.0.tgz 1029ms (cache miss)
936 http fetch GET 200 https://cdn.npmmirror.com/packages/source-map-js/1.2.1/source-map-js-1.2.1.tgz 1044ms (cache miss)
937 http fetch GET 200 https://cdn.npmmirror.com/packages/pinia/2.3.1/pinia-2.3.1.tgz 1020ms (cache miss)
938 http fetch GET 200 https://cdn.npmmirror.com/packages/asynckit/0.4.0/asynckit-0.4.0.tgz 1050ms (cache miss)
939 http fetch GET 200 https://cdn.npmmirror.com/packages/%40floating-ui/utils/0.2.11/utils-0.2.11.tgz 1062ms (cache miss)
940 http fetch GET 200 https://cdn.npmmirror.com/packages/nanoid/3.3.11/nanoid-3.3.11.tgz 1093ms (cache miss)
941 http fetch GET 200 https://cdn.npmmirror.com/packages/vue-demi/0.14.10/vue-demi-0.14.10.tgz 1099ms (cache miss)
942 http fetch GET 200 https://cdn.npmmirror.com/packages/%40jridgewell/sourcemap-codec/1.5.5/sourcemap-codec-1.5.5.tgz 1132ms (cache miss)
943 http fetch GET 200 https://cdn.npmmirror.com/packages/%40vue/runtime-dom/3.5.30/runtime-dom-3.5.30.tgz 1127ms (cache miss)
944 http fetch GET 200 https://cdn.npmmirror.com/packages/%40babel/parser/7.29.0/parser-7.29.0.tgz 1155ms (cache miss)
945 http fetch GET 200 https://cdn.npmmirror.com/packages/%40rollup/rollup-win32-x64-gnu/4.59.0/rollup-win32-x64-gnu-4.59.0.tgz 1150ms (cache miss)
946 http fetch GET 200 https://cdn.npmmirror.com/packages/%40vueuse/core/12.0.0/core-12.0.0.tgz 1139ms (cache miss)
947 http fetch GET 200 https://cdn.npmmirror.com/packages/vue-router/4.6.4/vue-router-4.6.4.tgz 1141ms (cache miss)
948 http fetch GET 200 https://cdn.npmmirror.com/packages/%40rollup/rollup-win32-x64-msvc/4.59.0/rollup-win32-x64-msvc-4.59.0.tgz 1183ms (cache miss)
949 http fetch GET 200 https://cdn.npmmirror.com/packages/%40vue/compiler-sfc/3.5.30/compiler-sfc-3.5.30.tgz 1191ms (cache miss)
950 http fetch GET 200 https://cdn.npmmirror.com/packages/async-validator/4.2.5/async-validator-4.2.5.tgz 1232ms (cache miss)
951 http fetch GET 200 https://cdn.npmmirror.com/packages/%40ctrl/tinycolor/4.2.0/tinycolor-4.2.0.tgz 1250ms (cache miss)
952 http fetch GET 200 https://cdn.npmmirror.com/packages/postcss/8.5.8/postcss-8.5.8.tgz 1306ms (cache miss)
953 http fetch GET 200 https://cdn.npmmirror.com/packages/%40vue/devtools-api/6.6.4/devtools-api-6.6.4.tgz 1316ms (cache miss)
954 http fetch GET 200 https://cdn.npmmirror.com/packages/rollup/4.59.0/rollup-4.59.0.tgz 1335ms (cache miss)
955 http fetch GET 200 https://cdn.npmmirror.com/packages/%40sxzz/popperjs-es/2.11.8/popperjs-es-2.11.8.tgz 1428ms (cache miss)
956 http fetch GET 200 https://cdn.npmmirror.com/packages/vue/3.5.30/vue-3.5.30.tgz 1493ms (cache miss)
957 http fetch GET 200 https://cdn.npmmirror.com/packages/vite/5.4.21/vite-5.4.21.tgz 1636ms (cache miss)
958 http fetch GET 200 https://cdn.npmmirror.com/packages/axios/1.13.6/axios-1.13.6.tgz 1685ms (cache miss)
959 http fetch GET 200 https://cdn.npmmirror.com/packages/entities/7.0.1/entities-7.0.1.tgz 1756ms (cache miss)
960 http fetch GET 200 https://cdn.npmmirror.com/packages/%40types/lodash-es/4.17.12/lodash-es-4.17.12.tgz 1928ms (cache miss)
961 http fetch GET 200 https://cdn.npmmirror.com/packages/%40babel/types/7.29.0/types-7.29.0.tgz 2092ms (cache miss)
962 http fetch GET 200 https://cdn.npmmirror.com/packages/lodash-es/4.17.23/lodash-es-4.17.23.tgz 2470ms (cache miss)
963 http fetch GET 200 https://cdn.npmmirror.com/packages/%40element-plus/icons-vue/2.3.2/icons-vue-2.3.2.tgz 2566ms (cache miss)
964 http fetch GET 200 https://cdn.npmmirror.com/packages/zrender/5.6.1/zrender-5.6.1.tgz 2609ms (cache miss)
965 http fetch GET 200 https://cdn.npmmirror.com/packages/dayjs/1.11.20/dayjs-1.11.20.tgz 2622ms (cache miss)
966 http fetch GET 200 https://cdn.npmmirror.com/packages/%40types/lodash/4.17.24/lodash-4.17.24.tgz 2716ms (cache miss)
967 http fetch GET 200 https://cdn.npmmirror.com/packages/lodash/4.17.23/lodash-4.17.23.tgz 3112ms (cache miss)
968 http fetch GET 200 https://cdn.npmmirror.com/packages/%40esbuild/win32-x64/0.21.5/win32-x64-0.21.5.tgz 8769ms (cache miss)
969 http fetch GET 200 https://cdn.npmmirror.com/packages/echarts/5.6.0/echarts-5.6.0.tgz 11894ms (cache miss)
970 http fetch GET 200 https://cdn.npmmirror.com/packages/element-plus/2.13.5/element-plus-2.13.5.tgz 18336ms (cache miss)
971 info run esbuild@0.21.5 postinstall node_modules/esbuild node install.js
972 info run vue-demi@0.14.10 postinstall node_modules/vue-demi node -e "try{require('./scripts/postinstall.js')}catch(e){}"
973 info run esbuild@0.21.5 postinstall { code: 0, signal: null }
974 info run vue-demi@0.14.10 postinstall { code: 0, signal: null }
975 silly ADD node_modules/@jridgewell/sourcemap-codec
976 silly ADD node_modules/csstype
977 silly ADD node_modules/@vue/runtime-core
978 silly ADD node_modules/@vue/reactivity
979 silly ADD node_modules/magic-string
980 silly ADD node_modules/@vue/compiler-ssr
981 silly ADD node_modules/@babel/helper-validator-identifier
982 silly ADD node_modules/@babel/helper-string-parser
983 silly ADD node_modules/@babel/types
984 silly ADD node_modules/estree-walker
985 silly ADD node_modules/entities
986 silly ADD node_modules/@babel/parser
987 silly ADD node_modules/@vue/compiler-core
988 silly ADD node_modules/@vue/shared
989 silly ADD node_modules/@vue/server-renderer
990 silly ADD node_modules/@vue/runtime-dom
991 silly ADD node_modules/@vue/compiler-sfc
992 silly ADD node_modules/@vue/compiler-dom
993 silly ADD node_modules/@types/estree
994 silly ADD node_modules/@rollup/rollup-win32-x64-msvc
995 silly ADD node_modules/@rollup/rollup-win32-x64-gnu
996 silly ADD node_modules/source-map-js
997 silly ADD node_modules/picocolors
998 silly ADD node_modules/nanoid
999 silly ADD node_modules/@esbuild/win32-x64
1000 silly ADD node_modules/rollup
1001 silly ADD node_modules/postcss
1002 silly ADD node_modules/esbuild
1003 silly ADD node_modules/vue-demi
1004 silly ADD node_modules/@vue/devtools-api
1005 silly ADD node_modules/mime-db
1006 silly ADD node_modules/dunder-proto
1007 silly ADD node_modules/math-intrinsics
1008 silly ADD node_modules/has-symbols
1009 silly ADD node_modules/gopd
1010 silly ADD node_modules/get-proto
1011 silly ADD node_modules/function-bind
1012 silly ADD node_modules/es-object-atoms
1013 silly ADD node_modules/es-define-property
1014 silly ADD node_modules/call-bind-apply-helpers
1015 silly ADD node_modules/has-tostringtag
1016 silly ADD node_modules/get-intrinsic
1017 silly ADD node_modules/es-errors
1018 silly ADD node_modules/delayed-stream
1019 silly ADD node_modules/mime-types
1020 silly ADD node_modules/hasown
1021 silly ADD node_modules/es-set-tostringtag
1022 silly ADD node_modules/combined-stream
1023 silly ADD node_modules/asynckit
1024 silly ADD node_modules/@vueuse/shared
1025 silly ADD node_modules/@vueuse/metadata
1026 silly ADD node_modules/@types/web-bluetooth
1027 silly ADD node_modules/@floating-ui/utils
1028 silly ADD node_modules/@floating-ui/core
1029 silly ADD node_modules/normalize-wheel-es
1030 silly ADD node_modules/memoize-one
1031 silly ADD node_modules/lodash-unified
1032 silly ADD node_modules/lodash-es
1033 silly ADD node_modules/lodash
1034 silly ADD node_modules/dayjs
1035 silly ADD node_modules/async-validator
1036 silly ADD node_modules/@vueuse/core
1037 silly ADD node_modules/@types/lodash-es
1038 silly ADD node_modules/@types/lodash
1039 silly ADD node_modules/@popperjs/core
1040 silly ADD node_modules/@floating-ui/dom
1041 silly ADD node_modules/@ctrl/tinycolor
1042 silly ADD node_modules/zrender
1043 silly ADD node_modules/tslib
1044 silly ADD node_modules/proxy-from-env
1045 silly ADD node_modules/form-data
1046 silly ADD node_modules/follow-redirects
1047 silly ADD node_modules/vue-router
1048 silly ADD node_modules/pinia
1049 silly ADD node_modules/element-plus
1050 silly ADD node_modules/echarts
1051 silly ADD node_modules/axios
1052 silly ADD node_modules/vite
1053 silly ADD node_modules/@vitejs/plugin-vue
1054 silly ADD node_modules/vue
1055 silly ADD node_modules/@element-plus/icons-vue
1056 verbose cwd F:\浏览器下载项目\bird-serach\frontend
1057 verbose os Windows_NT 10.0.26200
1058 verbose node v24.12.0
1059 verbose npm  v11.6.2
1060 notice
1060 notice New [33mminor[39m version of npm available! [33m11.6.2[39m -> [34m11.11.1[39m
1060 notice Changelog: [34mhttps://github.com/npm/cli/releases/tag/v11.11.1[39m
1060 notice To update run: [4mnpm install -g npm@11.11.1[24m
1060 notice  { force: true, Symbol(proc-log.meta): true }
1061 verbose exit 0
1062 info ok
